rating,user_id,anime_id,pred_rating
6,0,625,7.629499435424805
6,0,380,7.402590751647949
9,0,887,7.560416221618652
5,0,303,7.551981449127197
8,0,195,7.772688865661621
4,0,177,7.442546844482422
7,0,318,7.559768199920654
9,1,3043,7.669424057006836
6,1,2040,7.706369400024414
8,1,3007,7.648407936096191
8,1,3137,7.5251288414001465
8,1,3042,7.6484856605529785
7,1,1695,7.743152618408203
7,1,2289,7.66874361038208
9,1,77,7.687812328338623
6,1,710,7.559938907623291
7,1,2707,7.680447578430176
8,1,2706,7.704915523529053
8,1,2420,7.571381568908691
10,1,600,7.768611431121826
7,1,3158,7.647235870361328
9,1,584,7.770481586456299
7,1,2896,7.600083827972412
9,1,3014,7.673843860626221
8,1,3162,7.453341960906982
9,1,1958,7.651704788208008
8,1,2970,7.636630058288574
7,1,1345,7.665450572967529
10,1,195,7.777914524078369
8,1,2395,7.710541248321533
8,2,1587,7.710514545440674
9,2,1063,7.573599815368652
7,2,1670,7.71439266204834
9,2,1425,7.80256986618042
8,2,2626,7.706881523132324
9,2,600,7.779240131378174
8,2,206,7.686758995056152
10,2,226,7.714643955230713
9,2,232,7.696691036224365
8,2,2303,7.6479926109313965
9,2,1883,7.690984725952148
8,3,2653,7.619625091552734
8,3,1146,7.574674129486084
9,3,1482,7.645543575286865
9,3,3003,7.62872314453125
7,3,973,7.516505718231201
7,3,1953,7.527181148529053
7,3,1914,7.639181137084961
8,3,2503,7.662774562835693
7,3,2573,7.504096508026123
9,3,1919,7.681905746459961
8,3,1549,7.705025672912598
8,3,84,7.727939605712891
9,3,1528,7.684544563293457
8,3,2049,7.641719341278076
7,3,2427,7.468001365661621
6,3,1177,7.650603294372559
7,3,2709,7.492830753326416
7,3,2487,7.550121784210205
7,3,2674,7.5274577140808105
7,3,2323,7.54440975189209
7,3,3036,7.494196891784668
7,3,688,7.7219085693359375
8,3,2721,7.4544997215271
7,3,1887,7.682163715362549
8,3,214,7.628710746765137
7,3,2633,7.5481181144714355
7,3,2326,7.5546441078186035
8,3,112,7.672268867492676
8,3,207,7.719284534454346
8,3,718,7.739053726196289
8,3,1308,7.675124168395996
8,3,1487,7.676755905151367
6,3,2333,7.596163749694824
8,3,2715,7.676924228668213
8,3,1857,7.637461185455322
8,3,2222,7.645169258117676
9,3,1504,7.598017692565918
8,3,1312,7.529972553253174
9,3,2526,7.664475440979004
7,3,1952,7.458278656005859
6,3,1169,7.545102596282959
8,3,1004,7.62945032119751
7,3,1879,7.666003227233887
7,3,2107,7.626631259918213
7,3,1518,7.600733757019043
7,3,1554,7.513832092285156
8,3,1613,7.646172523498535
8,3,938,7.665831089019775
7,3,1781,7.529684066772461
7,3,1281,7.64499568939209
8,3,1723,7.699912071228027
6,3,1510,7.543354511260986
7,3,2740,7.602031707763672
8,3,2680,7.444890022277832
8,3,2210,7.6140828132629395
8,3,76,7.593496322631836
8,3,1275,7.640287399291992
7,3,1895,7.55536413192749
7,3,2453,7.631659030914307
8,4,296,7.671102523803711
8,4,255,7.548754692077637
7,4,188,7.673652648925781
10,4,1156,7.749452590942383
8,4,921,7.631411075592041
7,4,778,7.683051109313965
7,4,506,7.582666397094727
5,4,262,7.592554092407227
8,4,668,7.568178653717041
7,4,466,7.7013044357299805
7,4,1115,7.704052925109863
7,4,879,7.526669025421143
9,4,1020,7.668740749359131
7,4,147,7.560344219207764
7,4,272,7.432643890380859
8,4,260,7.6584672927856445
7,4,1094,7.741517543792725
8,4,593,7.663201808929443
5,5,382,7.612740993499756
9,5,693,7.732147216796875
7,5,549,7.564882278442383
9,5,2701,7.647940635681152
2,5,1161,7.572046756744385
9,5,1001,7.753292083740234
8,5,339,7.686727046966553
6,5,1993,7.522603511810303
9,5,215,7.464828014373779
5,5,1384,7.71851921081543
9,5,107,7.706178665161133
10,5,206,7.671967506408691
8,6,508,7.44740104675293
9,6,1532,7.498544692993164
9,6,878,7.519435405731201
5,6,798,7.503259658813477
6,6,630,7.55603551864624
6,6,1247,7.475423336029053
6,6,523,7.493667125701904
7,6,347,7.544764995574951
8,6,84,7.66981315612793
10,6,1471,7.645920753479004
2,6,1577,7.49290657043457
6,6,1039,7.48717737197876
7,6,900,7.475803375244141
7,6,343,7.50465202331543
7,6,300,7.534899711608887
8,6,1587,7.621965408325195
5,6,1798,7.496374130249023
9,6,1076,7.596397399902344
7,6,912,7.6174702644348145
9,6,980,7.599300861358643
8,6,1200,7.494339942932129
5,6,468,7.365095615386963
9,6,1144,7.583723068237305
7,6,96,7.541534423828125
9,6,339,7.614813804626465
7,6,1354,7.598734378814697
7,6,885,7.498744964599609
6,6,105,7.593667984008789
8,6,1119,7.62269401550293
5,6,1157,7.496339797973633
9,6,224,7.613876819610596
7,6,1006,7.493753910064697
9,6,1483,7.599916458129883
7,6,367,7.485735893249512
8,6,720,7.5942182540893555
7,6,1438,7.554429531097412
7,6,930,7.58267879486084
8,6,945,7.514976978302002
8,6,1379,7.510176658630371
7,6,790,7.4933881759643555
6,6,1701,7.482869625091553
7,6,826,7.560883522033691
4,6,618,7.490808963775635
9,6,206,7.603647232055664
6,6,111,7.517995834350586
7,6,110,7.569804668426514
9,6,1357,7.50977087020874
7,6,990,7.479239463806152
6,6,69,7.678310871124268
7,6,584,7.691775798797607
3,6,359,7.5494794845581055
7,6,1605,7.497539520263672
7,6,903,7.502935409545898
3,6,665,7.455844879150391
7,6,675,7.493053436279297
5,6,932,7.4935126304626465
7,7,1281,7.643021583557129
9,7,1321,7.665396213531494
10,7,1526,7.693080425262451
7,7,1675,7.66124153137207
8,7,1384,7.702437400817871
8,7,2090,7.550410270690918
8,7,1360,7.644240379333496
7,7,2189,7.566396713256836
9,7,827,7.680080890655518
8,7,2118,7.677423477172852
9,7,1704,7.708649635314941
8,7,1691,7.692349910736084
5,7,1356,7.639907360076904
8,7,2183,7.646420955657959
9,8,1556,7.718682289123535
7,8,1684,7.535499095916748
8,9,918,7.625720024108887
7,10,1632,7.670567035675049
10,10,2159,7.692440986633301
9,10,1607,7.589638710021973
9,10,1857,7.645455837249756
8,10,1453,7.6548261642456055
9,10,1615,7.581390380859375
9,10,732,7.705445766448975
9,10,2123,7.5821099281311035
8,10,2092,7.564422607421875
10,10,1951,7.625627517700195
6,10,871,7.563028812408447
10,10,1974,7.714173316955566
10,10,1973,7.605950832366943
5,10,1390,7.5430378913879395
9,10,2014,7.645871162414551
9,10,439,7.698358535766602
7,10,2274,7.620451927185059
6,10,520,7.525759696960449
7,10,172,7.7202229499816895
7,10,2087,7.555576324462891
7,10,638,7.54775333404541
9,10,2349,7.647968292236328
8,10,1850,7.683462142944336
9,10,1990,7.62158727645874
8,10,1383,7.5688982009887695
10,10,2015,7.654257774353027
10,10,2242,7.705992221832275
7,10,1694,7.494672775268555
9,10,2160,7.5740647315979
9,10,2235,7.605102062225342
8,10,1357,7.572039604187012
10,10,1232,7.747003555297852
9,10,2033,7.606159210205078
10,10,571,7.683722019195557
10,11,2855,7.708201885223389
10,11,2392,7.712028503417969
10,11,865,7.60573148727417
10,11,1664,7.620441436767578
10,11,78,7.720236778259277
10,11,429,7.824775695800781
10,11,1958,7.692696571350098
10,11,1345,7.706523895263672
10,11,1797,7.730371475219727
5,12,164,7.741673469543457
8,12,601,7.589964866638184
8,12,598,7.635158061981201
8,12,140,7.737820625305176
9,12,327,7.691849708557129
8,12,647,7.621721267700195
9,12,661,7.6871256828308105
6,13,1062,7.645927429199219
6,13,2025,7.643502235412598
8,13,2748,7.537034034729004
5,13,1023,7.547610759735107
9,13,1425,7.768139362335205
7,13,1843,7.674971103668213
9,13,69,7.7311930656433105
5,13,1659,7.534617900848389
9,13,576,7.680211067199707
5,13,2119,7.692523956298828
8,13,1644,7.558806896209717
7,13,232,7.662423133850098
7,13,1223,7.697934150695801
8,13,1689,7.678985595703125
9,13,1825,7.557826519012451
8,13,2019,7.611318588256836
9,13,2085,7.651596546173096
7,13,1127,7.689781665802002
10,14,333,7.549838542938232
7,15,2596,7.49465799331665
6,15,322,7.44053316116333
7,15,3118,7.4467692375183105
5,15,1765,7.501031875610352
6,15,1333,7.500901699066162
5,15,2325,7.432006359100342
6,15,995,7.478781700134277
6,15,2091,7.532899379730225
9,15,3013,7.523105144500732
7,15,263,7.525364398956299
6,15,1137,7.503795146942139
6,15,279,7.591178894042969
7,15,2707,7.543821811676025
5,15,2624,7.4222412109375
7,15,1426,7.519754886627197
7,15,2727,7.444890022277832
7,15,1372,7.565585136413574
7,15,2388,7.492870330810547
6,15,425,7.452047348022461
8,15,2351,7.561166763305664
6,15,1961,7.509212017059326
7,15,212,7.631601333618164
6,15,1025,7.559229373931885
6,15,323,7.428678512573242
5,15,2789,7.280411720275879
7,15,2999,7.575545787811279
6,15,914,7.5410332679748535
5,15,2012,7.443675518035889
6,15,1674,7.532422065734863
7,15,3009,7.555096626281738
6,15,2225,7.5199360847473145
7,15,1000,7.546313762664795
6,15,2169,7.53305721282959
6,15,1803,7.596431732177734
5,15,1833,7.4925312995910645
4,15,1194,7.463385105133057
7,15,3003,7.511960983276367
5,15,2649,7.494350433349609
5,15,1608,7.57778787612915
6,15,2726,7.44119930267334
7,15,2440,7.482569694519043
7,15,2796,7.508118152618408
7,15,165,7.516062259674072
6,15,2531,7.508712291717529
5,15,368,7.446400165557861
7,15,442,7.5133957862854
7,15,2216,7.497358322143555
6,15,2367,7.545541763305664
7,15,1199,7.604528427124023
5,15,1371,7.541880130767822
5,15,2619,7.3509602546691895
6,15,2119,7.582849025726318
10,16,1219,7.49301290512085
6,16,2267,7.493316173553467
7,16,1389,7.642943859100342
10,16,2132,7.490158557891846
9,16,2435,7.555180072784424
7,16,1653,7.576996326446533
4,16,2304,7.441403388977051
8,16,1177,7.599505424499512
7,16,1196,7.561407089233398
6,16,1797,7.622045993804932
7,16,1525,7.465295314788818
9,16,2247,7.463421821594238
10,16,1160,7.654351234436035
5,16,2258,7.455820560455322
4,16,2720,7.492632865905762
5,16,1655,7.511379241943359
8,16,1586,7.52549409866333
7,16,1601,7.532057285308838
1,16,1412,7.504552841186523
8,16,2656,7.598851680755615
1,16,1486,7.514581680297852
8,16,2481,7.617440700531006
7,16,752,7.631617546081543
7,16,2250,7.647123336791992
6,16,1973,7.546866416931152
7,16,2194,7.498471260070801
5,16,1722,7.4891037940979
9,16,222,7.390705585479736
10,16,1832,7.692508697509766
6,16,921,7.569513320922852
3,16,2594,7.454788684844971
6,16,515,7.514738082885742
10,16,2187,7.461399555206299
7,16,1589,7.59340238571167
8,16,2107,7.575694561004639
7,16,1918,7.580036640167236
9,16,1171,7.530337810516357
6,16,1602,7.500489234924316
6,16,1604,7.546878337860107
5,16,2293,7.504045486450195
8,16,2215,7.49805212020874
4,16,848,7.557074069976807
10,16,1733,7.626454830169678
10,16,1050,7.550444602966309
6,16,552,7.498465538024902
5,16,1433,7.581150531768799
10,16,929,7.601873397827148
10,16,1810,7.635400295257568
9,16,747,7.536385536193848
8,16,2794,7.485410690307617
6,16,2382,7.495723724365234
7,16,1819,7.618456840515137
5,16,2051,7.494408130645752
7,16,2149,7.512960433959961
1,16,196,7.574866771697998
6,16,1263,7.629311561584473
7,16,1255,7.478977680206299
7,16,2226,7.462839603424072
5,16,2672,7.489745140075684
8,16,1507,7.445032596588135
10,16,1468,7.506050109863281
7,16,1896,7.628141403198242
10,16,1100,7.567544460296631
6,16,2243,7.521392822265625
9,16,1482,7.594935417175293
9,16,1146,7.522156715393066
6,16,2195,7.6448893547058105
6,16,2754,7.326394557952881
8,16,2642,7.566850185394287
6,16,2183,7.597685813903809
10,16,1935,7.701048374176025
4,16,422,7.489577770233154
5,16,2251,7.491860389709473
3,16,2032,7.4893903732299805
10,16,1978,7.502803325653076
8,16,2658,7.438390254974365
7,16,2721,7.403371334075928
9,16,2440,7.546117305755615
7,16,2038,7.469510078430176
8,16,1871,7.494951248168945
5,16,1018,7.539955139160156
4,16,788,7.555850505828857
7,16,1117,7.501101016998291
9,16,1696,7.5945563316345215
10,16,1204,7.563467979431152
6,16,1987,7.522731304168701
6,16,1929,7.4835100173950195
10,16,1440,7.483156681060791
8,16,1649,7.597565174102783
6,16,1560,7.426652431488037
8,16,1060,7.490393161773682
7,16,2203,7.57443380355835
6,16,2448,7.501604080200195
10,16,2216,7.55656099319458
10,16,1218,7.505349636077881
5,16,1531,7.484625339508057
8,16,231,7.644212245941162
8,16,1676,7.551368236541748
5,16,2779,7.51265811920166
9,16,707,7.5626959800720215
2,16,2161,7.517594814300537
3,16,2294,7.504982948303223
3,16,1659,7.490662097930908
5,16,1718,7.51643705368042
8,16,732,7.646841049194336
8,16,1504,7.546937942504883
9,16,1123,7.495656967163086
5,16,2108,7.563147068023682
2,16,2521,7.5802903175354
8,16,1982,7.501119613647461
10,16,1281,7.594550609588623
10,16,2308,7.494026184082031
6,16,2325,7.48274040222168
8,16,1556,7.680712699890137
7,16,1407,7.551712989807129
9,16,1847,7.411386966705322
9,16,232,7.618013858795166
8,16,1874,7.612854480743408
8,16,1380,7.407983303070068
5,16,2123,7.523059368133545
7,16,2078,7.467874050140381
6,16,904,7.536770820617676
10,16,606,7.580320835113525
7,16,1169,7.492376804351807
8,16,2912,7.4390869140625
4,16,819,7.609184265136719
6,16,2181,7.504894256591797
7,16,1321,7.617122173309326
10,16,1961,7.569619655609131
9,16,1275,7.589533805847168
7,16,1837,7.509097576141357
10,16,2022,7.5942769050598145
7,16,2505,7.46811580657959
10,16,1513,7.640198707580566
5,16,110,7.576245307922363
8,16,141,7.652386665344238
7,16,1415,7.572534084320068
7,16,1439,7.523894786834717
6,16,820,7.566703796386719
8,16,2424,7.572413921356201
9,16,689,7.514415740966797
4,16,328,7.608790397644043
4,16,2152,7.529581069946289
8,16,2365,7.577359676361084
7,16,1990,7.562707424163818
10,17,584,7.824398040771484
8,17,187,7.708948135375977
10,17,1074,7.848761558532715
10,17,280,7.469870567321777
10,17,1861,7.785665035247803
10,17,1471,7.7767839431762695
10,17,195,7.830616474151611
9,17,2485,7.797488689422607
7,18,1561,7.538703918457031
9,18,3058,7.547975063323975
5,18,1768,7.538233280181885
8,18,3120,7.668762683868408
7,18,2029,7.545947551727295
4,18,2009,7.434451580047607
6,18,418,7.603789806365967
8,18,2244,7.615940093994141
7,18,1910,7.520078182220459
8,18,1564,7.599932670593262
5,18,3055,7.713551044464111
9,18,1299,7.516911506652832
7,18,1761,7.62721586227417
10,18,174,7.66156530380249
7,18,2826,7.659207820892334
7,18,2742,7.633393287658691
7,18,89,7.500560283660889
7,18,1666,7.549737453460693
8,18,2393,7.635217189788818
6,18,86,7.707356929779053
7,18,2047,7.569609642028809
10,18,1678,7.653491973876953
10,18,1549,7.703282356262207
8,18,2492,7.550358772277832
7,18,2528,7.603751182556152
7,18,3021,7.561164855957031
8,18,2456,7.681478023529053
7,18,2632,7.5362958908081055
10,18,1502,7.640191555023193
6,18,2400,7.589732646942139
8,18,192,7.5239033699035645
8,18,2607,7.551689147949219
6,18,503,7.554153919219971
9,18,827,7.679991245269775
7,18,2063,7.573544979095459
7,18,1102,7.632410526275635
6,18,724,7.676623821258545
7,18,2017,7.6447319984436035
7,18,2380,7.607744216918945
9,18,2207,7.68305778503418
6,18,2358,7.561239719390869
6,18,2296,7.697897911071777
9,18,2273,7.649180889129639
6,18,2101,7.5519890785217285
6,18,2979,7.4776811599731445
9,18,3123,7.638946533203125
6,18,2748,7.538243293762207
10,18,3014,7.652584075927734
7,18,783,7.557606220245361
10,18,353,7.628951549530029
6,18,1650,7.470963001251221
6,18,2236,7.537380218505859
9,18,2313,7.610929012298584
7,18,2270,7.687127590179443
9,18,1315,7.625233173370361
7,18,2164,7.490410327911377
7,18,2162,7.5413336753845215
7,18,1359,7.661106109619141
6,18,2746,7.596603870391846
8,18,1511,7.7258429527282715
7,18,1847,7.457335948944092
8,18,367,7.536190509796143
8,18,207,7.717349052429199
7,18,112,7.669661045074463
8,18,111,7.571231365203857
8,18,1190,7.6677422523498535
5,18,3096,7.622987270355225
7,18,230,7.698700428009033
6,18,2301,7.542582988739014
7,18,2326,7.548451900482178
8,18,504,7.604001998901367
7,18,473,7.722115516662598
8,18,3059,7.53941011428833
7,18,2274,7.6079277992248535
6,18,1708,7.6777448654174805
6,18,1471,7.701912879943848
4,18,1989,7.5579962730407715
5,18,1038,7.650842666625977
8,18,206,7.654068946838379
8,18,854,7.548074245452881
8,18,2190,7.6458892822265625
10,18,730,7.639322280883789
8,18,1551,7.541977882385254
8,18,3009,7.668612480163574
8,18,2678,7.59947395324707
9,18,1587,7.679162979125977
8,18,448,7.539477825164795
6,18,570,7.557085990905762
6,18,1879,7.661888599395752
8,18,2707,7.6600117683410645
7,18,2738,7.6435723304748535
7,18,1501,7.548977375030518
8,18,871,7.550943374633789
6,18,1302,7.547767639160156
6,18,898,7.6483283042907715
7,18,720,7.646657943725586
7,18,1688,7.555128574371338
9,18,1563,7.5592570304870605
10,18,2652,7.738788604736328
10,18,1689,7.682079792022705
6,18,561,7.560353755950928
8,18,3010,7.534653663635254
7,18,518,7.610132694244385
8,18,568,7.614490985870361
8,18,2075,7.691417694091797
8,18,1825,7.559700965881348
7,18,759,7.539253234863281
9,18,878,7.570666313171387
10,18,1721,7.487461566925049
9,18,2425,7.7086710929870605
9,18,2536,7.661060333251953
7,18,666,7.5702738761901855
7,18,2862,7.622915744781494
6,18,248,7.535151481628418
5,18,556,7.619135856628418
7,18,2967,7.582243919372559
7,18,391,7.555819034576416
8,18,1649,7.642995834350586
8,18,3150,7.545473098754883
8,18,1969,7.493335247039795
8,18,1607,7.576722621917725
7,18,2159,7.679810047149658
8,18,1758,7.551020622253418
6,18,2354,7.624996185302734
9,18,2091,7.638118743896484
8,18,69,7.733850955963135
9,18,648,7.6124958992004395
7,18,972,7.670589923858643
8,18,2861,7.604024887084961
5,18,1558,7.536909580230713
3,18,1887,7.678321361541748
10,18,1290,7.654275417327881
7,18,1822,7.554790496826172
5,18,1902,7.558597087860107
7,18,2576,7.582718849182129
8,18,787,7.538869380950928
7,18,2038,7.51560640335083
8,18,1892,7.535497188568115
9,19,2970,7.6219401359558105
5,19,2905,7.538637638092041
6,19,2927,7.523930549621582
3,19,2863,7.465702533721924
8,19,2926,7.553338527679443
8,19,2395,7.696562767028809
7,19,2211,7.719156742095947
10,19,3043,7.653792381286621
7,19,2790,7.57608699798584
10,19,2706,7.691259384155273
7,19,3008,7.560591697692871
6,19,2209,7.553102970123291
10,19,357,7.620426177978516
9,19,3075,7.605134010314941
7,19,1883,7.666411399841309
8,19,1333,7.616250038146973
4,19,3002,7.460440635681152
8,19,2397,7.702744960784912
10,20,2617,7.637738227844238
1,20,151,7.509355545043945
9,20,215,7.486998558044434
7,20,2561,7.511234283447266
9,20,632,7.58743953704834
10,20,918,7.688086986541748
9,20,2583,7.686210632324219
7,20,396,7.585396766662598
9,20,1171,7.617833614349365
9,20,482,7.631900310516357
10,20,1571,7.617119312286377
10,20,1819,7.704206943511963
7,20,896,7.669873237609863
7,20,2184,7.513733386993408
9,20,1796,7.5065226554870605
6,20,2137,7.568959712982178
9,20,1182,7.677513599395752
9,20,137,7.5991926193237305
5,20,261,7.605936527252197
9,20,107,7.726056098937988
8,20,264,7.55049991607666
9,20,497,7.605754375457764
9,20,450,7.639955043792725
10,20,281,7.530017375946045
5,20,1135,7.6249260902404785
9,20,1488,7.582862377166748
8,20,1649,7.680696964263916
7,20,2962,7.5177388191223145
8,20,267,7.527154445648193
10,20,2392,7.686413764953613
9,20,1851,7.6648945808410645
9,20,1335,7.700699329376221
10,20,1689,7.717848300933838
9,20,1216,7.641636371612549
9,20,1474,7.591702461242676
8,20,1219,7.578728199005127
10,20,600,7.783202171325684
10,20,813,7.776144981384277
9,20,1940,7.610489845275879
9,20,2056,7.619614124298096
8,20,2325,7.569858074188232
8,20,477,7.58409309387207
8,20,545,7.6347784996032715
10,20,2085,7.6905717849731445
9,20,1319,7.617437839508057
7,20,2070,7.713079929351807
9,20,1518,7.6330766677856445
8,20,1418,7.503917217254639
7,20,1467,7.5229997634887695
9,20,639,7.583429336547852
8,20,256,7.512389659881592
8,20,1653,7.660830974578857
8,20,2487,7.585999965667725
10,20,592,7.724285125732422
8,20,791,7.634395599365234
9,20,1899,7.596970558166504
9,20,1690,7.598350524902344
9,20,2205,7.668105602264404
9,20,1383,7.599002361297607
9,20,1140,7.64131498336792
8,20,1330,7.594171047210693
10,20,2095,7.697936058044434
6,20,2649,7.6403422355651855
6,20,1000,7.696885585784912
10,20,1670,7.7186102867126465
8,20,1168,7.59016227722168
7,20,1491,7.542611122131348
8,20,2858,7.65239953994751
9,20,1141,7.592507362365723
8,20,1005,7.682427406311035
8,20,321,7.5826921463012695
10,20,116,7.650432586669922
9,20,1733,7.710091590881348
10,20,1425,7.806373119354248
9,20,996,7.5858988761901855
9,20,531,7.584906578063965
6,20,2082,7.420756816864014
10,20,115,7.643850803375244
9,20,129,7.616409778594971
9,20,234,7.5925750732421875
9,20,481,7.69569730758667
6,20,1302,7.588050842285156
10,20,746,7.644548416137695
9,20,1911,7.750964641571045
8,20,2526,7.698705673217773
7,20,286,7.581926345825195
9,20,1879,7.699324607849121
8,20,1406,7.597617149353027
9,20,2250,7.731258869171143
9,21,2641,7.70073938369751
7,21,767,7.582764148712158
6,21,124,7.580440044403076
7,21,123,7.5706048011779785
8,21,118,7.585450172424316
9,21,2206,7.688210964202881
8,21,1513,7.715729713439941
6,21,2838,7.573770999908447
6,21,202,7.634186267852783
9,21,547,7.585870265960693
6,21,470,7.56658411026001
9,21,1108,7.572454452514648
7,22,1691,7.687075138092041
8,22,1843,7.674952983856201
8,22,86,7.70441198348999
8,22,89,7.4997358322143555
8,22,70,7.650660514831543
9,22,69,7.730992794036865
8,23,408,7.640655517578125
7,24,2978,7.546258926391602
7,24,1730,7.624259948730469
8,24,3111,7.562482833862305
9,24,2999,7.688430309295654
8,24,3017,7.559268474578857
9,24,2975,7.606527328491211
10,24,2554,7.67726469039917
7,24,2169,7.644552230834961
8,24,2893,7.60561466217041
9,24,3035,7.552091598510742
7,24,2032,7.538717269897461
9,24,2351,7.6757636070251465
7,24,2297,7.546278476715088
7,24,1984,7.624335289001465
8,24,2866,7.557492256164551
8,24,2107,7.623112678527832
9,24,2206,7.660505294799805
7,24,1851,7.628434658050537
8,24,3154,7.615177631378174
8,24,3051,7.504928112030029
9,24,2780,7.579071998596191
10,25,1958,7.630084991455078
6,25,727,7.689012050628662
10,25,2839,7.592919826507568
8,25,2189,7.563271999359131
9,25,1425,7.768429279327393
8,25,2913,7.544130325317383
4,25,224,7.663900852203369
9,25,218,7.700020790100098
9,25,320,7.632199287414551
8,25,2518,7.532304763793945
10,25,2019,7.612987518310547
8,25,445,7.545096397399902
6,25,2870,7.558084011077881
5,25,1737,7.656050205230713
7,25,753,7.601694107055664
5,25,2772,7.387453079223633
8,25,141,7.696852207183838
6,25,2804,7.534144878387451
7,25,625,7.612827301025391
8,25,1587,7.677329063415527
8,25,2703,7.411917686462402
10,25,976,7.619073867797852
8,26,722,7.442867279052734
7,26,523,7.558485507965088
8,26,1040,7.3811235427856445
10,26,1000,7.668384552001953
8,26,195,7.762086391448975
10,26,912,7.680566310882568
8,26,665,7.521998405456543
9,26,347,7.609674453735352
8,26,798,7.568063259124756
8,26,465,7.55452299118042
10,26,584,7.754488468170166
8,26,1073,7.540689468383789
8,26,216,7.548671722412109
9,26,346,7.472744941711426
9,26,755,7.548381328582764
7,26,313,7.5484619140625
9,27,2345,7.683845520019531
7,27,1009,7.559309959411621
8,27,437,7.660952568054199
6,27,1691,7.7035064697265625
6,27,2189,7.577296257019043
8,27,2554,7.690053939819336
8,27,78,7.671521186828613
8,27,2707,7.672877788543701
7,27,231,7.7035698890686035
9,27,2626,7.688816070556641
8,27,2890,7.654552936553955
8,27,2678,7.6129150390625
7,27,2623,7.741870880126953
8,27,2351,7.688604354858398
8,27,1074,7.787783145904541
9,27,1513,7.70182991027832
9,27,2206,7.673200607299805
7,28,78,7.617008209228516
7,28,346,7.424351692199707
7,28,2238,7.505101203918457
6,28,2207,7.645069599151611
8,28,1914,7.597908020019531
9,28,2189,7.5277910232543945
9,28,1281,7.604394912719727
7,28,584,7.707643985748291
8,28,1900,7.6397624015808105
7,28,419,7.643779277801514
7,28,1874,7.617191791534424
7,28,1780,7.609530448913574
8,28,1614,7.598398208618164
10,29,1001,7.668053150177002
9,30,1544,7.686490535736084
10,30,2485,7.759591579437256
10,30,1556,7.763683795928955
5,30,2474,7.659236907958984
7,30,1649,7.680802822113037
8,30,208,7.721283435821533
10,30,1940,7.609053611755371
7,31,82,7.429752349853516
7,31,608,7.5247392654418945
10,31,1526,7.638018608093262
5,31,710,7.486819744110107
5,31,1061,7.368884563446045
6,31,900,7.474637985229492
6,31,822,7.520033359527588
8,31,637,7.499868869781494
6,31,752,7.624555587768555
6,31,685,7.508790969848633
7,31,298,7.500357151031494
7,31,1062,7.593912124633789
6,31,696,7.640451431274414
7,31,84,7.670255661010742
5,31,495,7.442934989929199
6,31,809,7.526135444641113
5,31,1044,7.572067737579346
8,31,211,7.628824234008789
6,31,1012,7.3595781326293945
8,31,1183,7.616421699523926
7,31,1434,7.533453464508057
8,31,94,7.579410076141357
8,31,98,7.570091724395752
8,31,134,7.525501728057861
8,31,137,7.507406234741211
9,31,140,7.645934581756592
7,31,821,7.548252582550049
7,31,247,7.597158432006836
4,31,293,7.586195945739746
9,31,141,7.6444292068481445
10,32,1791,7.493130683898926
7,32,1073,7.573324203491211
9,32,110,7.67506217956543
10,32,140,7.751118183135986
9,32,155,7.576095104217529
8,32,156,7.596623420715332
8,32,2267,7.589725971221924
9,32,307,7.614903926849365
10,32,1360,7.693060398101807
8,32,1734,7.4695024490356445
5,32,1131,7.6413774490356445
8,32,1394,7.688278675079346
7,32,1376,7.48268985748291
8,32,1479,7.642450332641602
10,32,321,7.593967437744141
8,32,1407,7.648525238037109
10,32,1044,7.6763176918029785
9,32,267,7.537378787994385
10,32,231,7.741125106811523
8,32,1779,7.60648250579834
9,32,600,7.798786163330078
10,32,834,7.647877216339111
10,32,1277,7.570531845092773
7,32,256,7.523080348968506
8,32,254,7.717074394226074
9,32,1359,7.712005138397217
8,32,1384,7.752562046051025
7,32,134,7.627717971801758
9,32,1182,7.692470073699951
8,32,262,7.6300530433654785
10,32,1651,7.681065082550049
10,32,1489,7.760112285614014
10,32,90,7.634561061859131
9,32,833,7.6297078132629395
8,32,402,7.5431742668151855
10,32,200,7.663174629211426
9,32,1661,7.730625152587891
10,32,279,7.757087707519531
10,32,850,7.730475902557373
10,32,896,7.683712005615234
10,32,929,7.701114654541016
10,32,779,7.671273708343506
10,32,482,7.64552640914917
10,32,1001,7.788811206817627
10,32,2189,7.614709377288818
10,32,1691,7.741096019744873
7,33,105,7.688709259033203
10,34,195,7.77260684967041
8,34,1140,7.61876916885376
9,34,1217,7.674230098724365
10,34,439,7.701481342315674
9,34,1126,7.661176681518555
8,34,496,7.64511775970459
9,34,1401,7.582003116607666
10,34,683,7.783180236816406
8,34,1868,7.563160419464111
6,34,278,7.500535488128662
6,34,1691,7.705585479736328
7,34,1938,7.695498943328857
10,34,1513,7.704104900360107
9,34,1038,7.666215419769287
9,34,1082,7.68585729598999
9,34,584,7.765127182006836
10,34,498,7.512378692626953
10,34,1843,7.693538665771484
7,34,220,7.7205705642700195
8,34,224,7.682661533355713
4,34,1333,7.624317169189453
7,34,103,7.606945037841797
5,34,709,7.572171211242676
7,34,169,7.623284339904785
10,34,118,7.571463584899902
7,34,1875,7.606664180755615
9,34,1893,7.604043960571289
9,34,600,7.7632575035095215
9,34,1500,7.598546981811523
9,34,625,7.628190994262695
8,35,952,7.59061336517334
8,35,1730,7.658318996429443
9,35,474,7.625061988830566
8,35,712,7.586584091186523
8,35,1293,7.51969575881958
8,35,1487,7.7110748291015625
8,35,1287,7.589024543762207
8,35,1431,7.5861968994140625
8,35,1545,7.600873947143555
7,35,1305,7.57488489151001
10,35,294,7.763343811035156
9,35,1074,7.811364650726318
7,35,2008,7.580604076385498
8,36,2800,7.644131660461426
10,36,2303,7.650908470153809
10,36,2160,7.596287250518799
7,36,2770,7.522026538848877
6,36,3002,7.488535404205322
8,36,2898,7.632696628570557
10,36,1057,7.613072395324707
5,36,266,7.629289627075195
10,36,2863,7.493851184844971
10,36,2689,7.660116195678711
9,36,2118,7.709990501403809
6,36,2211,7.747348308563232
10,36,2914,7.634222507476807
9,36,2605,7.643078327178955
8,36,1315,7.659005641937256
9,37,1453,7.669353008270264
8,37,2165,7.632849216461182
10,37,2429,7.749919891357422
9,37,1125,7.653692722320557
10,37,2652,7.763453483581543
9,37,482,7.621564865112305
8,37,1571,7.605526924133301
8,37,2668,7.675873756408691
7,37,2796,7.646999835968018
9,37,195,7.782558917999268
10,37,1955,7.701223373413086
9,37,1695,7.7499823570251465
7,37,2455,7.5756516456604
9,37,369,7.713892936706543
10,37,2400,7.617313385009766
8,37,1887,7.705906867980957
9,37,1196,7.635157108306885
9,37,2289,7.674760341644287
9,37,1692,7.704281330108643
8,37,1656,7.72533655166626
10,37,641,7.732022762298584
8,37,1794,7.5993804931640625
8,37,1973,7.620522499084473
9,38,1063,7.491557598114014
8,38,2641,7.6224799156188965
7,38,1758,7.501243591308594
7,38,101,7.591204643249512
7,38,2757,7.691177845001221
7,38,739,7.549919128417969
7,38,206,7.607657432556152
8,38,537,7.630786895751953
10,38,84,7.674876689910889
7,38,78,7.608837127685547
4,38,2733,7.49967098236084
7,38,810,7.554784774780273
7,38,293,7.588869094848633
8,38,140,7.651473522186279
7,38,1320,7.54200553894043
6,38,749,7.5121989250183105
6,38,2952,7.479705333709717
7,38,390,7.508049964904785
3,38,1934,7.496750354766846
6,38,1868,7.497094631195068
6,38,2588,7.516988754272461
7,38,3048,7.508235931396484
6,38,221,7.569864273071289
10,38,2585,7.640711784362793
9,38,2862,7.571078300476074
10,38,2429,7.6744303703308105
8,38,92,7.608057498931885
7,38,2796,7.572694301605225
9,38,198,7.701537609100342
5,38,1561,7.4891133308410645
6,38,2665,7.594438552856445
7,38,2307,7.573288440704346
4,38,555,7.6436448097229
7,38,927,7.598512649536133
6,38,2820,7.610147953033447
8,38,320,7.5848259925842285
5,38,2146,7.574617385864258
8,39,1104,7.406012058258057
8,39,2282,7.548117637634277
9,39,1795,7.601171970367432
7,39,2140,7.502683162689209
7,39,2529,7.532458305358887
4,39,1198,7.504195213317871
7,39,1193,7.509773254394531
7,39,1775,7.504703044891357
7,39,2745,7.526851177215576
8,39,2402,7.507232189178467
7,39,1976,7.504329204559326
4,39,2733,7.516170978546143
9,39,818,7.560854434967041
4,39,2125,7.525638580322266
7,39,1418,7.43226957321167
8,39,2687,7.528634071350098
6,39,2139,7.518744468688965
5,39,2524,7.499207019805908
7,39,1428,7.448122024536133
8,39,192,7.49492073059082
8,39,2879,7.5705695152282715
8,39,2695,7.5227131843566895
9,39,2409,7.507192611694336
8,39,2117,7.55430269241333
7,39,2394,7.518551826477051
9,39,1443,7.524343967437744
7,39,1488,7.511875629425049
8,39,1442,7.513174057006836
5,39,2315,7.511188507080078
9,39,1199,7.680848121643066
8,39,1007,7.523822784423828
3,39,2421,7.517879009246826
6,39,801,7.537562847137451
5,39,1225,7.506746768951416
7,39,2357,7.505958080291748
6,39,2473,7.522215366363525
8,39,3086,7.518424034118652
7,39,1718,7.531664848327637
7,39,1277,7.491708755493164
7,39,2860,7.524459362030029
7,39,3087,7.533708095550537
10,39,2536,7.622188091278076
8,39,430,7.631968021392822
7,39,2341,7.504210948944092
8,39,1888,7.476358890533447
8,39,1954,7.611581325531006
6,39,566,7.496515274047852
9,39,1687,7.4602580070495605
9,39,2478,7.329876899719238
8,39,1599,7.5085225105285645
6,39,2466,7.511252403259277
9,39,1071,7.655380725860596
7,39,2943,7.5194172859191895
9,39,1697,7.559171676635742
10,39,1614,7.598498344421387
6,39,3077,7.512399196624756
7,39,2275,7.5192084312438965
6,39,273,7.449563980102539
7,39,1567,7.5940022468566895
9,39,1556,7.684516906738281
8,39,1333,7.573976993560791
7,39,2646,7.5046162605285645
9,39,1675,7.6185736656188965
7,39,2167,7.409152030944824
7,39,232,7.623934268951416
5,39,2852,7.517132759094238
7,39,750,7.5742506980896
10,39,635,7.616456985473633
7,39,2542,7.513947486877441
8,39,2442,7.53922176361084
4,39,3108,7.512496471405029
5,39,2934,7.515428066253662
10,39,207,7.676692485809326
7,39,1274,7.598911762237549
7,39,2609,7.506423473358154
6,39,405,7.536288738250732
6,39,2835,7.509207248687744
8,39,2339,7.501978874206543
8,39,2217,7.5133538246154785
8,39,889,7.4062180519104
8,39,1406,7.526487350463867
7,39,1911,7.672885894775391
7,39,1302,7.517168998718262
10,39,1955,7.635115146636963
7,39,1996,7.521687030792236
7,39,2802,7.513885021209717
5,39,2513,7.507457733154297
5,39,2732,7.516136646270752
10,39,2019,7.574527740478516
6,39,1804,7.501780033111572
8,39,851,7.636276721954346
7,39,807,7.513251781463623
8,39,2437,7.507853984832764
7,39,1789,7.504453182220459
9,39,1830,7.643003463745117
7,39,2404,7.528645992279053
9,39,1761,7.589993000030518
9,39,1586,7.540979862213135
6,39,1405,7.500075340270996
7,39,956,7.563397407531738
10,39,753,7.566137790679932
7,39,2183,7.60861873626709
8,39,409,7.513169765472412
8,39,1651,7.5917463302612305
6,39,2064,7.511407852172852
6,39,1953,7.492785453796387
6,39,2519,7.4497175216674805
9,39,2684,7.578784465789795
8,39,1691,7.650428771972656
8,39,2512,7.512514114379883
10,39,1820,7.519923210144043
7,39,2384,7.409564018249512
6,39,1105,7.507852077484131
8,39,708,7.5262346267700195
5,39,1120,7.518240451812744
5,39,1490,7.504570960998535
7,39,1807,7.576693534851074
8,39,1816,7.597047328948975
10,39,1001,7.693543434143066
6,39,894,7.527136325836182
9,39,352,7.5154337882995605
8,40,2207,7.713192939758301
7,41,2757,7.620720386505127
7,41,2923,7.577785968780518
6,41,2697,7.556713104248047
8,41,718,7.6158318519592285
7,41,600,7.626071453094482
7,41,2579,7.504550933837891
7,41,2741,7.471648216247559
8,41,2320,7.577042102813721
4,41,1487,7.553269863128662
5,41,2693,7.3761138916015625
6,41,2961,7.4525580406188965
6,41,2950,7.5327982902526855
9,41,1074,7.651732921600342
8,41,2246,7.540069580078125
7,41,3113,7.567190170288086
7,41,218,7.5822672843933105
4,41,2240,7.502408504486084
7,41,419,7.566190719604492
6,41,2780,7.468911170959473
4,41,1933,7.432976722717285
7,41,3074,7.566615581512451
6,41,2562,7.507879257202148
5,41,3075,7.4905900955200195
4,41,1223,7.582133769989014
7,41,2826,7.544156551361084
8,41,198,7.6285481452941895
5,41,2649,7.490013122558594
5,41,3081,7.440325736999512
6,41,2454,7.478411674499512
5,41,1935,7.626607418060303
8,41,1097,7.580490589141846
4,41,2689,7.517916679382324
5,41,2456,7.562625885009766
6,41,2951,7.425743579864502
5,41,2095,7.546199798583984
7,41,2481,7.546957492828369
7,41,2017,7.530481815338135
8,41,2974,7.544835090637207
7,41,2837,7.505000591278076
6,41,2902,7.553861141204834
2,41,1036,7.532861232757568
4,41,2207,7.565305709838867
8,41,2419,7.545522689819336
7,41,2894,7.501713275909424
2,41,2637,7.431314945220947
6,41,902,7.496188163757324
8,41,1288,7.60981559753418
1,41,1691,7.570286273956299
5,41,2531,7.504405975341797
8,41,1025,7.5546746253967285
6,41,2211,7.593258380889893
6,41,2900,7.543261528015137
7,41,2526,7.5474724769592285
9,41,2602,7.553277015686035
5,41,769,7.556967735290527
7,41,2342,7.558736801147461
8,41,71,7.557368278503418
8,41,1946,7.495636463165283
6,41,1372,7.561013221740723
8,41,1338,7.51180362701416
5,41,1919,7.562580108642578
5,41,78,7.537681579589844
6,41,379,7.523695468902588
10,41,86,7.59022331237793
6,41,1674,7.528048992156982
6,41,2104,7.567759990692139
3,41,2711,7.323634624481201
5,41,1862,7.4604902267456055
6,41,2052,7.446094989776611
5,41,1710,7.602735996246338
6,41,2916,7.434822082519531
8,41,2985,7.444763660430908
7,41,2641,7.554051876068115
7,41,3136,7.43673038482666
7,42,1955,7.699193477630615
9,42,367,7.561856269836426
7,42,2900,7.682498455047607
5,42,369,7.714224815368652
6,42,527,7.623693943023682
9,42,584,7.7743730545043945
10,42,718,7.761441230773926
8,42,625,7.637506008148193
10,42,2023,7.6374030113220215
7,42,727,7.716604232788086
9,42,1691,7.714920520782471
6,42,2278,7.588007926940918
7,42,2060,7.598258018493652
10,42,1984,7.648108959197998
7,42,2085,7.678979396820068
9,42,84,7.751961708068848
7,42,2187,7.532289505004883
5,43,2569,7.542130947113037
7,43,2503,7.65183162689209
6,43,1518,7.589388847351074
7,43,1587,7.671298980712891
9,43,1727,7.66524600982666
8,43,2243,7.561285972595215
6,43,1000,7.653359889984131
7,43,3001,7.526299476623535
7,43,2244,7.606900691986084
7,43,2093,7.644803524017334
8,43,2456,7.6730780601501465
5,43,2333,7.584061145782471
10,43,3003,7.6175618171691895
7,43,2158,7.4363884925842285
9,43,3090,7.618289470672607
8,43,1022,7.758317470550537
8,43,2890,7.633869171142578
7,43,1733,7.66536283493042
7,43,3146,7.536438941955566
7,43,2183,7.6369099617004395
7,43,1896,7.667293071746826
8,43,2346,7.671252727508545
8,43,2605,7.600899696350098
6,43,1691,7.683078765869141
7,43,912,7.667069911956787
8,43,2083,7.666685581207275
7,43,2344,7.683809757232666
7,43,2898,7.59076452255249
8,43,2354,7.618593692779541
7,43,2363,7.551316261291504
7,43,2239,7.540038108825684
7,43,3133,7.54835844039917
6,43,263,7.626160621643066
7,43,2105,7.608931064605713
6,43,2362,7.543713569641113
7,43,3141,7.555875778198242
6,43,2989,7.487995624542236
7,43,1440,7.522265434265137
7,43,1487,7.665695667266846
7,43,1665,7.635538578033447
8,43,2200,7.554680347442627
7,43,1656,7.6910881996154785
7,43,2216,7.595891952514648
8,43,2536,7.654065132141113
8,43,100,7.6609063148498535
9,43,2830,7.6464619636535645
7,43,1728,7.667556285858154
7,43,910,7.603800296783447
7,43,2146,7.6151347160339355
5,43,2328,7.484924793243408
8,43,2445,7.621343612670898
6,43,2956,7.6336517333984375
8,43,141,7.690755367279053
8,43,1513,7.679000377655029
9,43,2111,7.678656578063965
8,43,1723,7.688752174377441
7,43,2325,7.522716045379639
7,43,224,7.65787935256958
7,43,2800,7.602136611938477
7,43,2303,7.608684062957764
9,44,2173,7.634314060211182
8,44,2890,7.670629501342773
6,44,3157,7.586541175842285
9,44,2653,7.644888401031494
8,44,902,7.633059501647949
8,44,1816,7.665391445159912
9,44,929,7.677213668823242
7,44,2296,7.7271504402160645
8,44,2207,7.713159561157227
9,44,2415,7.685677528381348
7,44,705,7.663478851318359
10,44,3024,7.7368998527526855
9,44,2592,7.563823699951172
10,44,641,7.734131336212158
8,44,2683,7.677635669708252
8,44,1016,7.688967704772949
8,44,899,7.631967544555664
9,44,1634,7.584506988525391
8,44,2427,7.490682125091553
9,44,2641,7.700258255004883
10,44,3009,7.6946330070495605
8,44,262,7.605293273925781
7,44,346,7.480489253997803
8,44,2775,7.549435615539551
9,44,2487,7.573827743530273
8,44,1367,7.672855377197266
10,44,402,7.519088268280029
10,44,2875,7.661368370056152
8,44,1217,7.685410976409912
7,44,2876,7.574080467224121
8,44,2790,7.598560810089111
8,44,2401,7.585268497467041
7,44,1250,7.417998790740967
10,44,2429,7.752036094665527
8,44,1977,7.585691928863525
9,44,1457,7.756950855255127
8,44,2291,7.611858367919922
10,44,1156,7.764401912689209
9,44,1900,7.708139896392822
9,44,3153,7.61811637878418
8,44,3084,7.591032028198242
7,44,2986,7.459341049194336
8,44,1639,7.664122581481934
9,44,2914,7.628607749938965
4,44,1270,7.660279273986816
8,44,3103,7.62461519241333
7,44,1883,7.688857555389404
8,44,580,7.638161659240723
10,44,2514,7.623571872711182
9,44,1951,7.642202377319336
7,44,1619,7.554990291595459
8,44,1866,7.645468711853027
7,44,1745,7.590339183807373
9,44,3091,7.601775169372559
8,44,2965,7.542952060699463
8,44,3053,7.627291679382324
3,44,1823,7.657140731811523
8,44,2191,7.696727752685547
9,44,2761,7.545197486877441
8,44,1312,7.552882194519043
8,44,2442,7.602917671203613
9,44,141,7.727419376373291
8,44,110,7.6515398025512695
9,44,2969,7.563682556152344
7,44,546,7.602941513061523
8,44,2338,7.645092964172363
10,45,993,7.83323860168457
10,45,429,7.827995777130127
10,45,439,7.751259803771973
8,46,2554,7.650819301605225
7,46,1217,7.631982326507568
8,46,1707,7.631710529327393
6,46,2489,7.60209846496582
7,46,2427,7.4402289390563965
5,46,1585,7.653520584106445
7,46,667,7.457075595855713
7,46,2890,7.616181373596191
7,46,2207,7.658825397491455
8,46,1850,7.645665168762207
8,46,2245,7.62572717666626
6,46,3143,7.540120601654053
8,46,1356,7.61372709274292
8,46,600,7.721244812011719
8,46,1940,7.548709869384766
8,46,1692,7.6525750160217285
8,46,2509,7.6431684494018555
6,46,3069,7.542088985443115
9,46,1052,7.635103702545166
6,46,2779,7.536107063293457
7,46,2923,7.672176361083984
6,46,1632,7.634359836578369
6,46,3075,7.575302600860596
8,46,2703,7.388652324676514
6,46,3137,7.480327606201172
7,46,2686,7.3779401779174805
6,46,3043,7.622514247894287
9,46,2652,7.710982322692871
7,46,2325,7.50734281539917
7,46,1439,7.547767162322998
9,46,1074,7.7479023933410645
6,46,2577,7.43646240234375
9,46,2003,7.642772197723389
10,46,218,7.675985336303711
7,46,1900,7.654032230377197
7,46,2303,7.591311454772949
7,46,1333,7.585435390472412
9,47,2485,7.719886302947998
9,47,172,7.7057061195373535
9,47,2668,7.646954536437988
9,47,2729,7.593696117401123
6,47,2215,7.542893886566162
9,47,2222,7.638648986816406
7,47,1487,7.671008586883545
10,47,220,7.70047664642334
9,47,1642,7.721285820007324
8,47,1074,7.771328449249268
9,48,439,7.719142436981201
10,48,195,7.788881778717041
7,48,1261,7.562000274658203
8,48,1066,7.695263862609863
7,48,109,7.651767253875732
9,49,913,7.577027797698975
8,49,1102,7.657486438751221
9,49,478,7.667370319366455
10,49,683,7.78975772857666
10,49,534,7.717983245849609
9,49,652,7.742711067199707
9,49,1226,7.581912040710449
8,49,379,7.660767078399658
9,49,85,7.6258931159973145
9,49,426,7.572649002075195
8,49,508,7.523090362548828
8,49,192,7.552435398101807
7,49,1296,7.581573009490967
8,49,193,7.426361560821533
7,49,1250,7.416999340057373
9,49,1152,7.633989334106445
7,49,416,7.587388515472412
9,49,623,7.573305606842041
10,49,1071,7.7200422286987305
7,49,246,7.61697244644165
7,49,78,7.680740833282471
8,49,1236,7.603733062744141
8,49,1186,7.588798999786377
9,49,1146,7.597322463989258
7,49,262,7.606117248535156
9,49,195,7.778970718383789
8,49,1383,7.585505485534668
8,49,753,7.626399517059326
10,49,275,7.681942939758301
7,49,1249,7.568319797515869
8,49,689,7.587553977966309
9,49,1278,7.578047752380371
9,49,473,7.747067928314209
8,49,1151,7.516049861907959
8,49,1281,7.667169094085693
10,49,972,7.694040775299072
7,49,472,7.628519535064697
9,49,584,7.771618366241455
10,49,939,7.612913131713867
10,49,141,7.72147798538208
10,49,1238,7.5643486976623535
10,49,661,7.674038410186768
8,49,550,7.5575947761535645
9,49,1061,7.447972297668457
10,49,825,7.698582649230957
8,49,998,7.5764288902282715
8,49,386,7.5645647048950195
10,49,393,7.615253448486328
10,49,1207,7.676596164703369
10,49,367,7.5627899169921875
9,49,327,7.678147792816162
9,49,746,7.631576061248779
6,50,944,7.472540855407715
10,50,294,7.666264533996582
5,50,1087,7.465561866760254
6,50,943,7.483731746673584
7,50,184,7.591701030731201
9,50,307,7.497608184814453
8,50,1119,7.613650798797607
7,50,1188,7.420655727386475
6,50,1333,7.5431599617004395
10,50,473,7.6575541496276855
8,50,305,7.54852819442749
9,50,1243,7.58898401260376
5,50,1957,7.537052631378174
8,50,298,7.486733436584473
5,50,2746,7.531761646270752
5,50,2037,7.516352653503418
7,50,157,7.55090856552124
9,50,2416,7.631866455078125
10,50,1689,7.617843151092529
4,50,682,7.401496410369873
8,50,263,7.57036018371582
8,50,1232,7.672377109527588
8,50,2705,7.476381301879883
8,50,1190,7.60275936126709
6,50,392,7.587282657623291
8,50,2438,7.688716888427734
6,50,2003,7.603999137878418
8,50,387,7.500822067260742
5,50,1033,7.550052165985107
7,50,810,7.540733337402344
7,50,959,7.457969665527344
8,50,85,7.533552646636963
5,50,1026,7.4628825187683105
7,50,1909,7.492346286773682
5,50,1463,7.4878764152526855
6,50,1505,7.595273494720459
1,50,345,7.538872718811035
6,50,2790,7.505350112915039
8,50,877,7.472636699676514
6,50,2406,7.598352432250977
6,50,981,7.477768898010254
7,50,1708,7.613091468811035
7,50,1709,7.539248943328857
7,50,2712,7.612889289855957
10,50,449,7.6387104988098145
8,50,2300,7.537586688995361
8,50,765,7.463139533996582
5,50,1916,7.426634311676025
8,50,626,7.5738525390625
6,50,1521,7.37168025970459
7,50,2652,7.675014019012451
6,50,1563,7.494187831878662
8,50,602,7.479916572570801
7,50,3066,7.668320178985596
8,50,2887,7.630090236663818
7,50,2072,7.480449199676514
5,50,1423,7.485531806945801
9,50,1338,7.5607147216796875
5,50,965,7.490527629852295
5,50,1253,7.580841541290283
8,50,2199,7.579391956329346
8,50,2249,7.4826273918151855
7,50,480,7.452610492706299
8,50,1150,7.4742350578308105
6,50,1917,7.659587383270264
4,50,1031,7.483070373535156
9,50,1411,7.600801467895508
5,50,1658,7.432987689971924
7,50,1199,7.658519268035889
5,50,1864,7.564015865325928
6,50,1650,7.405547618865967
4,50,1544,7.584865570068359
5,50,896,7.567912578582764
9,50,1526,7.627223968505859
9,50,1001,7.675041198730469
8,50,1578,7.609839916229248
9,50,1810,7.619687080383301
6,50,1912,7.5590081214904785
7,50,2320,7.628544807434082
4,50,389,7.535420894622803
8,50,987,7.494245529174805
7,50,837,7.468903064727783
6,50,838,7.472284317016602
6,50,876,7.553012847900391
7,50,1816,7.5746588706970215
7,50,543,7.328893661499023
8,50,1052,7.5964765548706055
8,50,809,7.512068271636963
6,50,416,7.496344566345215
5,50,1362,7.533294200897217
5,50,434,7.417520046234131
7,50,1846,7.4815473556518555
6,50,100,7.603638648986816
7,50,1956,7.509207725524902
6,50,600,7.684626579284668
6,50,1685,7.630891799926758
10,50,69,7.669378757476807
4,50,1446,7.485538959503174
6,50,634,7.415548324584961
6,50,700,7.472805023193359
6,50,1618,7.635274410247803
9,50,1130,7.599339008331299
8,50,554,7.486456871032715
5,50,1233,7.5568976402282715
7,50,1248,7.511815547943115
6,50,182,7.519851207733154
8,51,2757,7.731511116027832
8,51,625,7.604969501495361
7,51,2038,7.508077144622803
7,51,1302,7.540778636932373
8,51,2185,7.610715389251709
9,51,429,7.754494667053223
10,51,1071,7.685632228851318
7,51,2873,7.553057670593262
8,51,2159,7.671835899353027
7,51,2488,7.67116117477417
7,51,1883,7.6515116691589355
8,51,2418,7.573256969451904
9,51,2775,7.512392997741699
8,51,2456,7.672383785247803
7,51,439,7.677667140960693
7,51,2060,7.565921783447266
6,51,2674,7.5142364501953125
7,51,2758,7.466566562652588
8,51,2019,7.605818271636963
6,51,1879,7.653800010681152
8,51,2371,7.541881561279297
8,51,2020,7.532949447631836
10,51,2554,7.667751789093018
8,51,2273,7.641294002532959
7,51,2635,7.618570804595947
8,51,2207,7.675819396972656
9,51,2872,7.548951625823975
8,51,2395,7.681518077850342
5,52,1627,7.567440986633301
9,52,1695,7.7285237312316895
7,52,1302,7.555540084838867
9,52,1156,7.744657516479492
7,52,833,7.585565567016602
8,52,1690,7.5660719871521
7,52,1345,7.650825023651123
9,52,1893,7.594666957855225
8,52,1497,7.542928218841553
3,52,1057,7.584968566894531
8,52,1018,7.594019889831543
8,52,1648,7.579514503479004
9,52,1657,7.616113185882568
8,52,1569,7.285514831542969
9,52,231,7.6965155601501465
6,52,205,7.586476802825928
9,52,429,7.768979549407959
9,52,1333,7.615303039550781
7,52,1780,7.652632713317871
9,52,1675,7.665058612823486
9,52,206,7.661539554595947
8,52,1816,7.644395351409912
8,52,1182,7.6476149559021
7,52,1323,7.651635646820068
8,52,133,7.669766426086426
8,52,1434,7.594041347503662
7,52,1324,7.585521697998047
8,52,1477,7.573541164398193
8,52,1146,7.577462673187256
9,53,327,7.677302837371826
9,53,1737,7.6821441650390625
8,53,2554,7.701239585876465
8,53,88,7.7077436447143555
9,53,1935,7.77193021774292
8,53,535,7.694354057312012
8,53,429,7.787956714630127
8,53,204,7.744495868682861
7,54,193,7.432201385498047
8,54,78,7.690948963165283
8,54,125,7.706557750701904
7,54,683,7.798650741577148
7,54,452,7.573232173919678
10,54,1126,7.676200866699219
10,54,201,7.663585186004639
9,54,112,7.7020978927612305
8,54,788,7.635899066925049
10,54,584,7.783041954040527
10,54,813,7.774133682250977
5,54,992,7.660217761993408
10,54,138,7.599325180053711
10,54,227,7.6289591789245605
9,54,219,7.633647918701172
10,54,226,7.715682506561279
8,54,1125,7.660083293914795
9,55,1138,7.612074851989746
5,55,1556,7.749792098999023
10,55,555,7.718368053436279
7,55,2206,7.683014392852783
9,55,140,7.723575115203857
8,55,1964,7.6849517822265625
7,55,1855,7.574803829193115
10,55,2689,7.649980068206787
10,55,1001,7.760750770568848
9,56,3116,7.627657413482666
8,56,1321,7.66326904296875
7,56,3090,7.626887321472168
7,56,2889,7.7140278816223145
8,56,3111,7.560881614685059
8,56,1900,7.679092884063721
8,56,3052,7.628835678100586
7,56,1965,7.551810264587402
7,56,141,7.6971116065979
7,56,2038,7.516091823577881
6,56,3164,7.549056053161621
6,56,2363,7.55967378616333
8,57,690,7.6686859130859375
10,57,2339,7.579309463500977
9,57,1853,7.577530860900879
9,57,411,7.598493576049805
10,57,1889,7.5891594886779785
9,57,464,7.575729846954346
10,57,143,7.718118190765381
10,57,2681,7.69218111038208
10,57,2478,7.406062126159668
8,57,1649,7.688150405883789
10,57,840,7.596131801605225
10,57,1864,7.670044422149658
10,57,2496,7.489238262176514
8,57,2777,7.581912994384766
10,57,2903,7.588162899017334
10,57,1865,7.587904930114746
10,57,1012,7.45406436920166
10,57,2574,7.606325626373291
10,57,2044,7.607473373413086
10,57,222,7.48138952255249
10,57,1998,7.498427391052246
10,57,1338,7.667516231536865
9,57,2412,7.504211902618408
10,57,1882,7.5930376052856445
10,57,833,7.622624397277832
10,57,449,7.742866516113281
7,57,917,7.475789546966553
8,57,2117,7.632094383239746
10,57,2267,7.5840840339660645
10,57,2902,7.714109420776367
8,57,1010,7.592926025390625
10,57,2090,7.591989994049072
10,57,1870,7.62517786026001
10,57,1975,7.588865756988525
10,57,294,7.770244598388672
9,57,337,7.585353374481201
8,57,2668,7.6932373046875
8,58,1893,7.626816272735596
9,58,172,7.746955871582031
10,58,319,7.708199977874756
10,58,1027,7.533730983734131
8,58,2174,7.573484420776367
9,58,2211,7.751919269561768
9,58,1528,7.720040321350098
10,58,2127,7.677560329437256
9,58,366,7.587032794952393
8,58,297,7.739291191101074
9,58,979,7.643667697906494
6,58,1396,7.516733646392822
10,58,980,7.692670822143555
9,58,139,7.585562229156494
6,58,684,7.645111560821533
9,58,232,7.70360803604126
8,58,1801,7.467816352844238
8,58,1721,7.527248382568359
10,58,69,7.772078037261963
8,58,556,7.657961845397949
10,58,1700,7.686075210571289
9,58,1826,7.708139419555664
6,59,1196,7.5982842445373535
6,59,2119,7.685597896575928
7,59,732,7.683197975158691
10,59,2242,7.683779716491699
6,59,1169,7.529313087463379
6,59,1659,7.527377605438232
7,59,437,7.637042045593262
10,59,1900,7.66926908493042
6,59,1333,7.599776744842529
10,60,1448,7.7597527503967285
10,60,300,7.630616664886475
10,60,475,7.542301654815674
10,60,752,7.724345684051514
9,60,1549,7.747624397277832
6,60,1154,7.679518222808838
7,60,2049,7.6848273277282715
10,60,1845,7.661734580993652
9,60,827,7.72465705871582
10,60,988,7.765605926513672
8,60,1196,7.654595851898193
9,60,2489,7.671628475189209
7,60,1937,7.354882717132568
10,60,1419,7.590289115905762
10,60,2014,7.680037975311279
9,60,693,7.759802341461182
10,60,1850,7.7176833152771
7,60,1953,7.567845344543457
9,60,1650,7.516789436340332
10,60,1914,7.681618690490723
10,60,1935,7.793648719787598
8,60,1025,7.713274002075195
9,60,1796,7.510965347290039
8,60,1129,7.577282428741455
10,60,1820,7.5971198081970215
8,60,2173,7.651803493499756
9,60,2353,7.687079906463623
9,60,833,7.624899387359619
9,60,1383,7.602899551391602
7,60,2226,7.55607271194458
10,60,2203,7.6672186851501465
9,60,263,7.679898262023926
9,60,1714,7.710092067718506
8,60,1374,7.428943157196045
10,60,1232,7.781198024749756
6,60,1068,7.607996463775635
9,60,546,7.620437145233154
10,60,2003,7.715229034423828
7,60,2366,7.63240909576416
10,60,584,7.7960100173950195
10,60,2316,7.600160121917725
7,60,1233,7.666257858276367
7,60,1741,7.659842014312744
10,60,1860,7.670980930328369
9,60,1582,7.557877063751221
8,60,1051,7.681855201721191
8,60,1284,7.559459686279297
9,60,1704,7.753336429595947
8,60,2312,7.442155838012695
10,60,1207,7.696938991546631
7,60,1380,7.501347541809082
10,60,1780,7.692834854125977
10,60,1776,7.6502556800842285
8,60,1639,7.681666851043701
10,61,2783,7.602489471435547
10,61,69,7.796545505523682
8,61,584,7.812488555908203
10,61,2950,7.710081577301025
10,61,198,7.8134965896606445
10,61,1642,7.787393569946289
10,61,2351,7.738083362579346
10,61,1494,7.780036926269531
10,61,2641,7.736022472381592
8,62,2203,7.61356782913208
6,62,466,7.679326057434082
7,62,2146,7.615319728851318
9,62,1051,7.628019332885742
8,62,1613,7.635222911834717
8,62,1394,7.630375385284424
7,62,325,7.572119235992432
7,62,324,7.511439323425293
6,62,2628,7.5524678230285645
7,62,911,7.5487380027771
10,62,606,7.619631290435791
9,62,584,7.742116928100586
7,62,883,7.548543930053711
6,62,671,7.542048454284668
9,62,1658,7.4928669929504395
9,62,1687,7.483452320098877
8,62,1842,7.681449890136719
9,62,1644,7.552601337432861
9,62,419,7.6742119789123535
7,62,141,7.691174507141113
10,63,101,7.678199768066406
7,63,558,7.58724308013916
8,63,1726,7.6501922607421875
10,63,600,7.784774303436279
9,63,2073,7.599578857421875
9,63,1727,7.710315227508545
7,63,1251,7.5546555519104
9,63,84,7.762121200561523
9,63,475,7.5333333015441895
10,63,652,7.756358623504639
9,63,2083,7.711527347564697
7,63,2272,7.625197887420654
10,63,2242,7.73151969909668
7,63,2231,7.553269386291504
10,63,1074,7.8116536140441895
9,63,2204,7.682048320770264
10,63,1223,7.7388410568237305
8,63,206,7.6929850578308105
10,63,584,7.78727912902832
9,63,1919,7.715721130371094
5,63,1983,7.5828423500061035
9,63,2174,7.5728325843811035
8,63,2154,7.63653564453125
7,63,1638,7.590036869049072
10,64,1465,7.617957592010498
10,64,1001,7.807106971740723
9,64,865,7.613024711608887
9,64,211,7.752142429351807
10,64,533,7.622534275054932
10,64,95,7.703946113586426
10,64,658,7.682925701141357
8,65,2033,7.564837455749512
6,65,2428,7.526644706726074
6,65,851,7.6489338874816895
9,65,584,7.720736026763916
6,65,2965,7.485895156860352
8,65,2626,7.646756172180176
9,65,3076,7.623923301696777
8,65,2792,7.540332317352295
8,65,1935,7.720547676086426
8,65,2897,7.519155025482178
8,65,172,7.6800737380981445
10,67,2825,7.719162464141846
10,67,449,7.754964351654053
10,67,2019,7.667123317718506
8,67,2541,7.708807468414307
10,67,1333,7.661881446838379
8,67,2811,7.680341720581055
10,67,2211,7.7667131423950195
10,67,2429,7.77758264541626
10,67,2851,7.664841175079346
10,67,2321,7.6029276847839355
10,67,1820,7.605949401855469
10,67,2485,7.774974822998047
10,67,351,7.597630500793457
10,67,3038,7.582357883453369
9,67,2215,7.5987701416015625
10,67,2207,7.736192226409912
10,67,1661,7.732815265655518
10,67,929,7.703215599060059
8,67,747,7.637544631958008
8,67,2356,7.603386878967285
10,67,1115,7.74308967590332
10,67,1584,7.626038551330566
9,67,2370,7.735514163970947
10,67,1803,7.7678351402282715
9,67,1512,7.691061973571777
9,67,538,7.607458591461182
10,67,3113,7.7375807762146
10,67,2216,7.657503604888916
10,67,541,7.699895858764648
10,67,546,7.629246234893799
10,67,1038,7.703641891479492
8,68,3031,7.529042720794678
9,68,1217,7.637795925140381
5,68,2065,7.405630111694336
6,68,2649,7.58500337600708
7,68,1000,7.641944408416748
7,68,1513,7.667486190795898
8,68,253,7.52984619140625
8,68,1707,7.637787818908691
8,68,2765,7.686059474945068
9,68,2085,7.636970520019531
6,68,1735,7.531367778778076
8,68,2551,7.600168228149414
8,68,1186,7.545022964477539
8,68,2060,7.556725978851318
8,68,923,7.625292778015137
6,68,1524,7.458648204803467
8,68,1737,7.63861608505249
5,68,1670,7.664071083068848
8,68,753,7.584123134613037
5,68,2814,7.5702805519104
7,68,860,7.449265956878662
7,68,1432,7.634061336517334
6,68,1929,7.5132012367248535
6,68,1696,7.624813556671143
6,68,2780,7.5596442222595215
6,68,636,7.510629653930664
8,68,1400,7.5260233879089355
8,68,1935,7.727108955383301
8,68,3055,7.691850662231445
7,68,1140,7.585234642028809
7,68,1110,7.5593132972717285
7,68,2454,7.56739616394043
6,68,3151,7.593181133270264
8,68,1347,7.415413856506348
6,68,1510,7.521358013153076
10,68,110,7.604382038116455
10,68,663,7.660801410675049
10,68,112,7.649904727935791
8,68,3149,7.652889251708984
8,68,479,7.5182647705078125
8,68,1731,7.659324645996094
8,68,1333,7.592718124389648
6,68,146,7.5103559494018555
7,68,1047,7.54509973526001
8,68,528,7.632350444793701
10,68,218,7.68217134475708
7,68,3144,7.594407558441162
6,68,1973,7.577541828155518
8,68,1562,7.558985233306885
7,68,3098,7.581573963165283
5,68,190,7.4933953285217285
7,68,1852,7.657765865325928
8,68,1336,7.562121391296387
10,68,1587,7.660771369934082
6,68,2107,7.604747772216797
7,68,1802,7.538877010345459
7,68,878,7.553463935852051
8,68,1085,7.6041460037231445
8,68,580,7.593315601348877
7,68,1619,7.510367393493652
8,68,2526,7.642139911651611
6,68,161,7.559995651245117
9,68,2211,7.693642616271973
8,68,3043,7.6286940574646
8,68,456,7.662282943725586
7,68,109,7.60066032409668
7,68,1101,7.556994438171387
7,68,1871,7.5245795249938965
8,68,111,7.551609992980957
8,68,634,7.4660725593566895
7,68,102,7.672329902648926
7,68,2440,7.574905872344971
6,68,1582,7.495280742645264
8,68,1174,7.40548038482666
8,68,2222,7.623392581939697
10,68,1199,7.703495502471924
6,68,2200,7.544079303741455
6,68,1035,7.545120716094971
7,68,2959,7.517361640930176
6,68,442,7.60288667678833
7,68,3128,7.539373874664307
8,68,2678,7.581759929656982
7,68,2039,7.518838405609131
8,68,2189,7.547423839569092
6,68,2926,7.53072452545166
9,68,1733,7.655811786651611
8,68,1887,7.660078048706055
8,68,2999,7.668911933898926
