rating,user_id,anime_id
9,0,430
5,0,1004
7,0,3010
7,0,570
9,0,2762
8,0,431
10,0,578
6,0,433
10,0,1571
9,0,121
9,0,356
7,0,1250
6,0,2913
6,0,68
7,0,1829
8,0,164
7,0,1894
10,0,415
10,0,2236
8,0,2034
7,0,2547
7,0,169
7,0,2543
9,0,459
6,0,1047
6,0,2248
6,0,4086
8,0,419
9,1,22535
10,1,32281
9,1,28851
9,1,11061
9,1,37965
7,1,30831
8,1,38826
7,1,16894
8,1,34599
10,1,20
7,1,442
6,1,936
8,1,37259
9,1,40776
8,1,36456
6,1,6547
8,1,9919
8,1,5081
9,1,31043
9,1,31964
8,1,33486
10,1,1735
8,1,38408
8,1,38883
6,1,35849
8,1,18689
8,1,38731
8,1,30230
9,1,38691
7,1,38671
10,1,5114
7,1,37349
8,1,20583
8,1,28891
7,1,2472
9,1,23273
7,1,6325
7,1,35507
9,1,37779
8,1,33161
8,1,23847
7,1,18753
9,1,39547
8,1,14813
7,1,33352
7,1,39940
9,1,4224
8,1,37430
8,1,2752
9,1,4053
8,1,995
9,1,22
10,1,9253
5,1,21881
5,1,11757
10,1,32188
7,1,4437
8,1,32282
7,1,10589
8,1,13667
8,1,19815
8,1,30276
7,1,34134
7,1,14749
6,1,36259
8,1,31240
9,1,39587
8,1,35788
7,1,13759
9,1,38329
8,1,154
7,1,22199
7,1,11371
10,1,16498
10,1,25777
10,1,35760
7,1,40902
10,1,37450
10,1,11577
10,1,30484
7,2,31580
8,2,37086
9,2,1604
8,2,22535
8,2,189
7,2,34599
8,2,29575
9,2,32182
9,2,23755
9,2,20
9,2,1735
8,2,35581
9,2,30276
9,2,34134
8,2,29786
9,2,16498
9,2,28171
8,2,3455
8,2,22319
7,2,5762
8,2,34933
9,2,26055
8,2,7661
9,2,14719
9,2,20899
8,2,35028
8,2,368
9,2,33486
7,2,31740
10,2,1535
8,2,28223
8,2,38671
10,2,2904
9,2,15
8,2,71
6,2,8074
10,2,11061
7,2,34542
7,2,32872
7,2,28961
8,3,25835
8,3,28171
9,3,35788
9,3,9253
8,3,8407
8,3,2418
7,3,29786
7,3,18277
8,3,23273
8,3,2104
8,3,18119
7,3,38787
8,3,20847
8,3,8675
8,3,10464
8,3,5909
9,3,5681
6,3,6500
7,3,11499
9,3,205
7,3,38759
3,3,29758
7,3,25157
9,3,35790
8,3,5300
8,3,14075
7,3,1195
7,3,18677
8,3,35507
7,3,28677
8,3,23847
8,3,14813
7,3,33094
9,3,35968
7,3,10521
7,3,6956
8,3,2608
7,3,27387
8,3,34902
8,3,28025
7,3,2129
8,3,13759
6,3,26443
8,3,4224
7,3,18139
9,3,14227
7,3,4654
7,3,28979
7,3,13663
8,3,32093
8,3,131
7,3,28617
7,3,23277
7,3,18095
8,3,20507
6,3,6023
7,3,3467
8,3,19815
8,3,11597
7,3,27787
8,3,15315
8,3,17074
7,3,30307
7,3,6512
7,3,5597
7,3,6712
8,3,4081
7,3,12467
7,3,36038
7,3,31404
8,3,31953
7,3,3673
7,3,23755
8,3,30727
7,3,20709
7,3,2993
7,3,22865
8,3,30015
9,3,6675
9,3,31240
7,3,10611
9,3,13601
8,3,30240
8,3,35240
6,3,6201
8,3,5682
7,3,31645
8,3,10588
8,3,21473
8,3,8795
7,3,26243
8,3,29803
7,3,8769
8,3,28297
6,3,14199
8,3,30276
8,3,10711
8,3,19221
8,3,32542
7,3,8424
8,3,23199
8,3,6746
8,3,3702
7,3,9379
8,3,24031
8,3,33988
7,3,28223
7,3,6880
7,3,27831
7,3,19163
7,3,6573
8,3,11843
8,3,16592
8,3,32189
8,3,34103
7,3,12549
7,3,20031
9,3,226
6,3,32901
6,3,28221
7,3,14811
9,3,19363
9,3,16918
8,3,18465
8,3,2508
8,3,23289
8,3,28907
7,3,24765
8,3,33731
7,3,4725
7,3,71
7,3,9367
7,3,31376
9,3,11741
8,3,10087
8,3,27821
9,3,1
8,3,1575
8,3,14741
7,3,6166
8,3,33506
8,3,11111
9,3,11433
8,3,9989
8,3,6547
8,3,22147
8,3,32828
7,3,22729
9,3,47
7,3,4744
7,3,22199
7,3,32323
8,3,34881
8,3,1292
7,3,12291
9,3,31646
6,3,4999
6,3,21431
9,3,66
9,3,2251
8,3,28999
6,3,10578
7,3,5356
8,3,1689
8,3,14345
7,3,38186
7,3,10719
7,3,31043
7,3,11633
7,3,34618
8,3,32086
9,3,1519
9,3,889
7,3,20787
8,3,13535
8,3,10396
8,3,5081
7,3,7817
10,3,17895
8,3,2904
7,3,17729
7,3,31952
8,3,11887
8,3,8876
8,3,33206
8,3,31798
6,3,7593
8,3,22535
9,3,32281
7,3,3229
7,3,11079
6,3,36407
7,3,3464
9,3,34451
7,3,24439
9,3,14807
10,3,5205
7,3,5204
8,3,4282
8,3,32937
7,3,8841
7,3,2494
8,3,10620
7,3,2963
7,3,11761
8,3,10721
6,3,31845
7,3,33487
7,3,21863
7,3,10213
8,3,31741
7,3,24455
8,3,3654
7,3,189
7,3,13655
7,3,7148
8,3,18153
8,3,32949
8,3,43
8,3,29095
9,3,36296
7,3,8074
8,3,15451
7,3,11617
8,3,5630
7,3,8630
7,3,15225
8,3,10187
7,3,2026
8,3,5150
8,3,15809
8,3,6574
7,3,11785
7,3,13161
8,3,3782
8,3,29093
8,3,15059
8,3,24703
7,3,3503
7,3,185
8,3,10568
8,3,16009
8,3,10080
8,3,8525
8,3,14467
7,3,28387
7,3,13331
8,3,3958
6,3,23121
8,3,187
8,3,34542
9,3,37497
8,3,186
9,3,5781
8,3,36220
7,3,9041
7,4,7103
9,4,585
5,4,5030
6,4,158
7,4,273
7,4,164
9,4,1563
7,4,149
7,4,690
7,4,190
7,4,189
7,4,4898
6,4,146
7,4,3392
9,4,1579
8,4,1691
8,4,2926
7,4,192
8,4,1860
8,4,1698
8,4,145
8,4,182
8,4,849
8,4,3470
7,4,100
7,4,561
5,4,4081
8,4,957
8,4,2369
7,4,238
7,4,1601
9,4,853
7,4,1029
7,4,6023
7,4,3467
9,4,4477
9,4,1699
8,4,5680
8,4,101
7,4,578
7,4,831
6,4,4975
9,4,372
7,4,371
9,4,232
5,4,694
10,4,1689
8,4,1542
8,4,105
8,4,1222
8,4,819
9,4,150
7,4,68
7,4,530
8,4,104
8,4,3549
5,4,4744
8,4,656
9,4,4224
8,4,4548
7,4,59
10,4,1575
10,4,2904
7,4,61
8,4,5630
7,4,644
9,4,1142
9,4,16
7,4,476
9,4,1571
5,4,128
8,4,74
9,4,3731
7,4,4725
7,4,380
10,4,123
8,4,71
9,4,120
8,4,356
5,4,393
9,4,2035
10,4,1535
7,4,124
7,4,2105
9,4,969
7,4,156
7,4,595
5,4,155
8,4,861
9,4,3091
8,4,4918
9,4,3457
9,4,4752
9,4,177
7,4,807
8,4,4938
8,4,2685
8,4,178
6,4,179
7,4,743
10,5,14713
7,5,7593
8,5,256
9,5,9656
10,5,6045
8,5,21863
8,5,10460
8,5,7769
10,5,877
7,5,1218
10,5,3044
6,5,7396
8,5,79
9,5,199
10,5,3186
10,5,846
10,5,24
6,5,30240
8,5,325
9,5,134
10,5,2963
8,5,37105
8,5,487
9,5,36904
10,5,5112
6,5,6287
8,5,6645
10,5,120
7,5,33222
9,5,2890
7,5,36873
8,6,437
6,6,1525
7,6,527
5,6,8297
6,6,4130
10,6,1943
7,6,9782
7,6,1029
7,6,5957
8,6,10161
7,6,1982
6,6,1119
6,6,11073
6,6,5526
6,6,4795
6,6,4793
6,6,5529
7,6,2363
5,6,2201
6,6,1120
1,6,6953
6,6,1118
6,6,1117
5,6,1122
7,6,8857
5,6,4134
9,6,149
2,6,3057
6,6,276
10,6,11981
8,6,2911
4,6,273
8,6,158
10,6,10721
7,6,1972
7,6,512
9,6,32
6,6,1810
10,6,416
3,6,11883
6,6,11897
8,6,597
5,6,594
3,6,2144
4,6,936
8,6,279
6,6,2897
9,6,323
10,6,164
8,6,2235
6,6,8460
5,6,20
4,6,1527
8,6,2605
8,6,659
8,6,3594
6,6,391
9,6,5141
10,6,849
10,6,2001
6,6,2290
9,6,5681
6,6,979
6,6,3470
6,6,2616
6,6,2161
3,6,6607
8,6,2596
7,6,10294
7,6,523
7,6,6641
9,6,2236
8,6,11099
10,6,9941
6,6,4705
8,6,10622
8,6,3352
9,6,6505
8,6,907
9,6,4715
7,6,8840
10,6,6547
8,6,10067
6,6,1640
8,6,3080
5,6,6721
10,6,9989
9,6,1223
3,6,6950
10,6,1205
6,6,1554
5,6,5168
6,6,6281
7,6,9846
7,6,54
8,6,3420
4,6,6535
7,6,6682
8,6,8800
8,6,6973
9,6,199
8,6,8063
9,6,9926
8,6,433
1,6,7739
4,6,7031
7,6,65
9,6,1719
7,6,2237
4,6,5080
4,6,11687
5,6,3772
5,6,557
9,6,2167
7,6,1593
8,6,3604
8,6,6984
7,6,6372
7,6,6637
7,6,6399
7,6,3165
7,6,8074
10,6,1889
3,6,10491
9,6,3652
10,6,2899
10,6,934
7,6,1220
7,6,1852
9,6,10497
7,6,7472
7,6,5041
8,6,7596
7,6,9598
9,6,10477
4,6,7024
1,6,413
8,6,1030
5,6,7728
9,6,5060
8,6,7337
9,6,8479
8,6,3298
9,6,850
8,6,578
9,6,431
6,6,1606
5,6,7030
9,6,486
9,6,1379
8,6,1004
8,6,3466
9,6,43
8,6,467
9,6,1566
5,6,3447
8,6,1335
8,6,801
8,6,9333
6,6,9911
10,6,143
6,6,10298
7,6,7088
9,6,468
7,6,451
4,6,9041
9,6,9001
5,6,4966
7,6,228
10,6,3092
10,6,4814
8,6,6553
8,6,8339
8,6,7054
8,6,1594
5,6,555
7,6,2890
7,6,8187
3,6,11679
6,6,4138
7,6,3962
6,6,60
4,6,4450
6,6,2274
7,6,10713
9,6,1723
9,6,4181
8,6,6351
9,6,4059
6,6,1890
8,6,1575
8,6,3087
9,6,5356
9,6,2251
9,6,3901
8,6,10396
7,6,12079
7,6,7059
7,6,1686
3,6,11689
7,6,2889
7,6,8939
8,6,7597
9,6,4177
7,6,11691
5,6,1496
7,6,8728
8,6,2904
6,6,376
8,6,2759
8,6,3784
6,6,6922
6,6,227
8,6,11795
7,6,8178
10,6,121
10,6,5114
8,6,7902
6,6,908
8,6,430
7,6,1953
8,6,5163
6,6,514
7,6,2724
8,6,11843
7,6,2025
10,6,6746
7,6,4182
7,6,552
7,6,1313
7,6,2961
5,6,1132
6,6,874
7,6,6880
8,6,10714
8,6,10715
7,6,2404
4,6,481
7,6,4548
7,6,6748
7,6,1543
9,6,553
3,6,11915
8,6,9331
4,6,3070
10,6,6616
10,6,5365
8,6,4066
7,6,1650
4,6,9777
7,6,10717
7,6,688
8,6,689
9,6,3457
7,6,1607
6,7,8768
9,7,431
7,7,14713
9,7,5680
10,7,9617
8,7,7054
7,7,1691
8,7,1195
7,7,3712
8,7,1840
8,7,11319
7,7,14813
8,7,18245
8,7,4224
9,7,14227
7,7,8074
8,7,16011
9,7,22319
5,7,6205
7,7,15037
7,7,13161
6,7,6682
7,7,11759
7,7,102
8,7,22199
9,7,6547
9,7,11433
8,7,21995
7,7,7647
8,7,5081
9,7,22789
8,7,15809
8,7,21405
10,7,4181
7,7,15583
8,7,19163
7,7,6880
9,7,226
10,7,5114
7,7,23289
9,7,17895
8,7,10793
9,7,2167
9,7,10521
9,7,14289
9,7,6007
9,7,5341
9,7,12355
8,7,19815
7,7,11597
7,7,18897
7,7,16067
7,7,2926
7,7,19221
8,7,15315
9,7,10620
7,7,14833
9,7,11981
8,7,9756
8,7,15379
8,7,16001
8,7,16762
7,7,8476
7,7,10711
9,7,15775
5,7,5958
8,7,16498
10,7,199
7,7,2476
7,7,11499
10,7,13759
8,7,20047
6,7,710
5,8,16742
9,8,4181
9,8,31297
8,8,32093
7,8,23273
6,8,10161
8,8,31
9,8,30
6,8,14713
9,8,578
9,8,33222
7,8,226
8,8,2167
7,8,22199
6,8,31043
8,8,18671
9,10,934
9,10,1889
5,10,10491
7,11,11759
4,11,6280
8,11,8516
9,11,9471
9,11,20787
8,11,1686
8,11,14345
8,11,7791
8,11,14027
10,11,8
7,11,1123
9,11,6347
9,11,3901
7,11,7817
9,11,11111
9,11,6547
9,11,22147
9,11,22199
8,11,8074
8,11,24231
8,11,25159
9,11,3791
9,11,857
9,11,9041
7,11,18247
9,11,5680
6,11,16157
10,11,57
10,11,2904
8,11,527
9,11,528
7,11,9734
9,11,8525
10,11,10080
7,11,21563
7,11,19685
7,11,21511
9,11,11771
9,11,16894
10,11,18153
7,11,23321
9,11,15051
9,11,19111
8,11,1887
9,11,19369
9,11,19221
9,11,14749
9,11,263
8,11,20689
9,11,14513
7,11,19769
7,11,20785
7,11,21603
10,11,1575
8,11,8424
9,11,15315
9,11,27787
10,11,19815
8,11,21177
8,11,20507
7,11,7769
10,11,8769
9,11,10020
9,11,13659
9,11,18857
10,11,18897
7,11,1119
8,11,23421
10,11,28497
10,11,3588
8,11,21507
10,11,18277
8,11,5681
8,11,11757
8,11,21881
7,11,21353
10,11,22319
10,11,16011
10,11,6802
10,11,4224
8,11,10321
8,11,12711
7,11,19151
10,11,6956
10,11,10521
8,11,23847
9,11,28677
8,11,764
9,11,25157
9,11,28171
10,11,16498
9,11,22865
8,11,2993
9,11,4214
7,11,20709
9,11,24
10,11,846
8,11,517
7,11,5940
8,11,22877
7,11,23233
8,11,20847
8,11,4063
9,11,5277
9,11,9355
9,11,199
8,11,5355
7,11,6581
10,11,154
10,11,1559
9,11,10620
10,11,23289
7,11,23079
8,11,2952
10,11,6702
9,11,27831
8,11,28121
8,11,1313
8,11,552
10,11,1535
10,11,5114
7,11,24031
7,11,25731
10,11,15583
9,11,19163
9,11,22265
8,11,17641
10,12,31964
10,12,16335
10,12,11021
10,12,20785
10,12,23321
10,12,237
10,12,16662
10,12,15225
10,12,5114
10,12,121
10,12,356
10,12,9989
10,12,4726
10,12,223
10,12,1313
10,12,552
10,12,873
10,12,48
10,12,11759
10,12,6547
10,12,34497
10,12,1575
10,12,33486
10,12,442
10,12,431
10,12,2144
10,12,936
10,12,14283
10,12,523
10,12,16011
10,12,16417
10,12,14813
10,12,20021
10,12,11757
10,12,5681
10,12,14289
10,12,16524
10,12,565
10,12,21881
10,12,199
10,12,1735
10,12,16498
10,12,4437
10,12,6325
10,12,10589
10,12,2472
10,12,14749
10,12,19369
10,12,27775
10,12,12477
10,12,13759
7,13,47
6,13,1210
9,13,849
9,13,2236
9,13,3088
10,13,861
8,13,2167
8,13,2159
10,13,1575
9,13,237
8,13,330
9,13,30
9,13,2025
10,13,2924
9,13,2759
10,13,2164
9,13,2034
8,13,1530
9,14,38524
7,14,21843
8,14,16498
9,14,25777
8,14,35760
8,14,3588
8,14,22319
7,14,11757
9,14,2001
7,14,21353
9,14,23283
9,14,23273
8,14,31240
4,14,16592
5,14,6747
7,14,1482
7,14,15109
9,14,2904
9,14,1575
8,14,31964
3,14,10490
9,14,4901
8,14,889
4,14,32379
10,14,2251
7,14,9919
8,14,2025
8,14,7338
8,14,6573
10,14,1535
5,14,8074
9,14,777
8,14,28791
6,14,10793
8,14,268
3,14,21821
7,14,11111
8,14,121
8,14,10087
8,14,226
9,14,31339
8,14,38668
8,14,1726
9,14,28223
10,14,11061
9,14,9989
8,14,6547
7,14,19429
9,14,19489
9,14,34599
8,14,9756
6,14,10620
7,14,3342
9,14,32182
9,14,37510
10,14,30
6,14,10588
7,14,3366
9,14,22135
8,14,34514
8,14,13601
9,14,23281
8,14,10165
8,14,20853
7,14,28623
7,14,30831
7,14,22199
7,14,6682
8,14,32937
4,14,30806
8,14,20899
8,14,24231
9,14,33
7,14,18679
8,14,22535
9,14,33206
8,14,250
8,14,26055
7,15,482
10,15,527
9,15,594
7,15,72
5,15,225
10,15,223
6,15,341
8,15,392
5,16,19799
5,16,74
7,16,30544
6,16,2508
7,16,132
6,16,37349
6,16,27631
5,16,21431
8,16,37105
5,16,133
3,16,881
3,16,1679
8,16,10793
7,16,31859
6,16,32648
6,16,15809
7,16,2026
5,16,15225
6,16,11617
6,16,15451
7,16,36296
6,16,33421
5,16,37446
6,16,33731
8,16,5114
6,16,1157
5,16,14741
5,16,12549
7,16,11843
6,16,15583
6,16,19163
4,16,36633
5,16,34497
5,16,9379
7,16,8086
7,16,31163
4,16,31710
7,16,31339
5,16,3230
5,16,28121
2,16,503
5,16,34321
7,16,6922
6,16,22297
7,16,28701
8,16,10087
8,16,11741
7,16,317
8,16,2952
6,16,71
5,16,3455
7,16,249
7,16,14813
7,16,23847
5,16,28
8,16,37779
5,16,28677
6,16,8861
7,16,32615
7,16,35507
7,16,30831
6,16,33206
7,16,31758
7,16,31757
6,16,31798
4,16,1579
8,16,32281
6,16,516
6,16,21671
6,16,1086
6,16,24439
8,16,10080
6,16,37210
7,16,861
5,16,34902
4,16,35203
5,16,21327
5,16,14765
6,16,29785
5,16,14719
6,16,20899
7,16,31933
7,16,14467
5,16,251
6,16,9213
6,16,28623
7,16,10790
6,16,8841
7,16,38040
6,16,32380
5,16,13663
6,16,28979
6,16,22319
5,16,1218
7,16,4224
5,16,25157
6,16,177
7,16,969
6,16,35073
7,16,29803
4,16,36027
6,16,24705
6,16,19221
5,16,195
6,16,31772
7,16,30276
5,16,32962
6,16,30503
5,16,20507
8,16,33674
6,16,19815
7,16,10165
6,16,15689
5,16,8246
6,16,442
7,16,20
6,16,1722
6,16,31442
6,16,9181
6,16,15315
6,16,32182
5,16,8424
6,16,37675
7,16,738
6,16,26243
7,16,33091
5,16,29035
7,16,28497
6,16,2993
7,16,45
5,16,957
7,16,32542
7,16,24
7,16,846
5,16,31716
6,16,30015
7,16,238
8,16,31240
6,16,210
8,16,25345
7,16,30296
5,16,209
6,16,1538
4,16,10711
8,16,27775
7,16,28927
8,16,2001
5,16,32438
6,16,28755
7,16,31478
6,16,1536
6,16,33475
7,16,1689
6,16,10163
5,16,232
5,16,10012
5,16,20973
7,16,29786
7,16,23233
6,16,1557
6,16,170
6,16,3588
9,16,9253
9,16,30484
6,16,32188
5,16,3332
6,16,18277
5,16,11757
5,16,21881
5,16,29758
5,16,10719
5,16,10110
6,16,31964
5,16,11285
7,16,40496
5,16,21863
6,16,276
6,16,189
8,16,23321
7,16,17265
4,16,34881
5,16,591
5,16,1749
5,16,22147
4,16,32171
7,16,33489
6,16,11111
4,16,12581
8,16,2251
6,16,6347
7,16,5081
7,16,9513
7,16,68
7,16,31043
5,16,10067
7,17,5781
2,17,14199
6,17,12355
8,17,7769
8,17,13659
7,17,14749
10,17,19221
6,17,20931
5,17,24211
7,17,853
8,17,19369
9,17,29803
8,17,26243
10,17,5530
7,17,12673
8,17,8246
7,17,10589
7,17,4081
7,17,31764
7,17,14293
8,17,1243
7,17,18897
9,17,11933
7,17,27787
9,17,19815
7,17,21177
7,17,19855
9,17,20507
8,17,30503
9,17,7592
10,17,10049
5,17,30514
6,17,6325
6,17,31223
8,17,5682
5,17,165
6,17,30296
8,17,13391
3,17,25859
8,17,31240
7,17,6675
7,17,30015
8,17,3941
7,17,2369
5,17,18039
4,17,4618
5,17,12281
6,17,13599
6,17,32094
7,17,31927
2,17,19315
7,17,27775
2,17,527
1,17,1564
1,17,1525
1,17,1565
1,17,2363
1,17,6178
1,17,12671
9,17,32485
9,17,13601
7,17,23281
8,17,21339
7,17,28617
1,17,10740
7,17,4437
6,17,10686
9,17,10456
8,17,12487
7,17,10893
5,17,19703
8,17,7148
4,17,600
6,17,14349
7,17,17265
6,17,25015
5,17,19111
5,17,24997
10,17,1887
7,17,23133
8,17,24455
8,17,31741
5,17,15051
8,17,18115
7,17,18153
9,17,22145
8,17,11887
7,17,28725
5,17,13367
4,17,30831
9,17,32380
10,17,8841
10,17,10790
8,17,10209
4,17,32214
5,17,10918
10,17,11771
10,17,16894
7,17,24415
8,17,32245
8,17,4898
8,17,6707
7,17,24629
4,17,19769
8,17,20785
5,17,30307
5,17,9181
7,17,31442
8,17,11021
7,17,877
7,17,9741
10,17,23755
10,17,15315
6,17,442
7,17,936
3,17,2144
3,17,10659
7,17,10075
6,17,761
5,17,2248
7,17,20
10,17,8424
5,17,2751
10,17,10620
10,17,14479
9,17,10213
4,17,16890
6,17,9936
6,17,15565
7,17,14833
8,17,8100
7,17,12053
1,17,10397
6,17,13239
9,17,10110
7,17,32438
10,17,11761
6,17,14527
7,17,21603
7,17,28817
5,17,28497
7,17,31798
9,17,22865
7,17,64
4,17,916
3,17,21353
9,17,22319
6,17,27899
7,17,30458
7,17,6211
8,17,16011
5,17,14227
10,17,4224
7,17,10294
7,17,10714
7,17,10716
8,17,10717
8,17,26443
9,17,2210
8,17,25157
5,17,28979
7,17,3455
6,17,849
5,17,4382
5,17,11757
5,17,21881
6,17,28861
7,17,19021
5,17,4884
4,17,13663
7,17,13333
10,17,14189
8,17,35790
1,17,5734
4,17,10702
10,17,2001
8,17,31430
7,17,5681
7,17,27387
10,17,28677
10,17,24627
9,17,10216
5,17,16241
6,17,18677
2,17,20533
5,17,3614
8,17,23283
10,17,1195
10,17,11319
10,17,1840
3,17,11837
4,17,17681
8,17,10798
7,17,33161
7,17,14813
6,17,10162
6,17,21845
8,17,3457
9,17,4752
4,17,30251
7,17,23847
7,17,16742
7,17,20449
10,17,21085
7,17,935
4,17,10405
1,17,19151
6,17,14289
9,17,19211
9,17,16524
9,17,5909
4,17,8675
8,17,10119
7,17,20847
8,17,20973
3,17,4063
7,17,5277
10,17,6634
6,17,10308
5,17,5507
3,17,15119
2,17,27967
7,17,18523
7,17,18119
8,17,6500
6,17,22663
6,17,18041
8,17,1719
9,17,65
8,17,21561
10,17,20709
2,17,10156
6,17,30749
3,17,21033
10,17,34612
8,17,15771
9,17,12531
6,17,32542
10,17,13759
10,17,11499
10,17,2476
8,17,30806
5,17,5940
3,17,17777
5,17,355
7,17,154
6,17,23273
7,17,23209
9,17,12783
9,17,8407
7,17,9790
1,17,17080
9,17,3588
3,17,14129
10,17,9253
7,17,10863
5,17,27957
7,17,2418
10,17,18277
10,17,30321
4,17,21507
3,17,6979
9,17,79
6,17,31914
5,17,4581
8,17,7724
8,17,3919
7,17,29786
6,17,169
5,17,12367
7,17,23233
5,17,30363
5,17,30365
7,17,7662
10,17,13125
8,17,25835
8,17,28625
8,17,28171
7,17,32282
7,17,2993
5,17,5525
6,17,1067
6,17,13807
8,17,15037
7,17,514
3,17,25731
8,17,20031
9,17,1482
7,17,9479
5,17,31636
10,17,12549
7,17,34103
8,17,32189
8,17,16592
8,17,26349
9,17,29067
6,17,16355
6,17,17827
9,17,11843
7,17,31318
9,17,2904
7,17,21677
9,17,10012
9,17,10578
6,17,30091
7,17,31553
8,17,4975
7,17,59
8,17,11703
5,17,4186
4,17,1818
8,17,8888
7,17,15199
7,17,15201
8,17,30711
9,17,1575
8,17,14741
5,17,8915
10,17,2025
6,17,21743
7,17,37520
6,17,3230
7,17,4726
8,17,28121
8,17,6746
4,17,27833
7,17,23199
5,17,3422
4,17,27831
8,17,226
7,17,3784
3,17,3785
8,17,7465
8,17,6702
8,17,22043
8,17,12049
6,17,2924
5,17,12879
9,17,15583
10,17,19163
9,17,22961
8,17,24655
10,17,6880
10,17,14353
8,17,1535
5,17,24031
6,17,29589
7,17,8086
7,17,1726
8,17,16512
5,17,31710
9,17,10155
10,17,28223
7,17,5356
10,17,12293
9,17,10163
8,17,24833
9,17,30654
4,17,21995
9,17,9919
6,17,30205
6,17,31754
8,17,7193
7,17,11433
6,17,15133
4,17,16518
3,17,11697
8,17,28249
6,17,31821
6,17,13863
10,17,12581
6,17,6166
7,17,9736
10,17,9989
8,17,22147
9,17,32998
6,17,25397
9,17,11759
2,17,12291
2,17,12865
6,17,2163
5,17,6443
4,17,857
10,17,6547
6,17,17082
7,17,25013
10,17,6987
9,17,8577
5,17,5112
8,17,27655
6,17,31580
10,17,5342
7,17,10490
10,17,1050
10,17,1639
8,17,10719
8,17,14967
4,17,4151
8,17,21405
9,17,14345
6,17,32023
7,17,32867
4,17,406
6,17,1689
6,17,357
4,17,6920
7,17,21185
10,17,6347
10,17,8516
8,17,28805
1,17,2156
1,17,5337
7,17,7674
9,17,12365
4,17,30795
8,17,22789
10,17,9513
9,17,10396
7,17,13535
8,17,20787
8,17,7593
3,17,15883
7,17,356
7,17,31338
3,17,8277
8,17,12189
3,17,257
4,17,20457
7,17,17831
6,17,13403
3,17,22123
4,17,18247
8,17,21327
3,17,25429
8,17,9750
9,17,11013
8,17,23121
6,17,10079
4,17,24231
1,17,23269
5,17,28883
10,17,11617
10,17,24703
7,17,31326
9,17,11005
10,17,15451
9,17,13357
10,17,8074
10,17,9515
6,17,934
7,17,1889
10,17,22835
7,17,33421
10,17,30300
6,17,27829
9,17,29785
9,17,12413
1,17,143
8,17,21511
10,17,16035
7,17,6594
5,17,3958
8,17,24439
10,17,18679
8,17,21659
7,17,10460
7,17,11739
5,17,16732
7,17,22535
7,17,31405
10,17,10568
7,17,16706
9,17,13331
5,17,12679
4,17,26441
4,17,24873
10,17,14467
7,17,5680
7,17,9617
7,17,16009
7,17,9734
8,17,27991
9,17,10298
8,17,16668
6,17,18295
10,17,8525
10,17,10080
7,17,6862
8,17,4192
6,17,16982
4,17,19367
5,17,25183
2,17,384
2,17,395
7,17,23311
3,17,21039
3,17,30925
7,17,31737
7,17,28907
7,17,1829
6,17,23289
5,17,18411
7,17,918
8,17,7472
9,17,15335
8,17,9969
8,17,15417
9,17,31637
6,17,25313
6,17,21821
7,17,6922
6,17,22297
9,17,28701
10,17,11741
5,17,227
1,17,8536
7,17,18507
1,17,850
6,17,22265
4,17,18001
7,17,120
9,17,5114
3,17,125
4,17,382
4,17,6945
10,17,28977
3,17,37806
7,17,10417
10,17,13161
6,17,31859
7,17,20583
7,17,28891
8,17,32935
8,17,13411
7,17,11785
8,17,15699
8,17,18713
7,17,20689
6,17,9289
7,17,587
7,17,20903
7,17,15809
10,17,26023
8,17,12419
10,17,10793
8,17,29095
7,17,32366
8,17,32122
7,17,14131
7,17,18617
5,17,241
8,17,14811
6,17,23079
6,17,21267
5,17,21431
8,17,17895
7,17,8425
2,17,6787
10,17,245
5,17,133
9,17,29093
8,17,12565
4,17,32494
7,17,11737
10,18,145
8,18,8426
10,18,430
10,18,121
10,18,227
10,18,27821
10,18,6702
10,18,813
10,18,5
10,18,31043
10,18,530
10,18,21995
10,18,11111
10,18,9989
10,18,304
10,18,435
10,18,1563
10,18,10408
10,18,93
9,18,392
9,18,793
10,18,6211
10,18,27899
9,18,22319
10,18,11757
10,18,16498
8,18,16742
8,18,1254
10,18,1954
10,18,30503
10,18,20507
10,18,164
10,18,23273
6,19,21325
7,19,14921
9,19,31240
7,19,36286
8,19,30015
7,19,14627
7,19,11491
9,19,6675
7,19,13377
7,19,18099
9,19,6610
8,19,13601
9,19,32485
9,19,30240
8,19,10711
9,19,22135
7,19,2594
8,19,326
8,19,437
6,19,37407
5,19,20961
5,19,1943
6,19,11179
9,19,28497
8,19,14515
8,19,18041
8,19,20973
6,19,8675
8,19,5909
6,19,37450
8,19,1827
9,19,2605
8,19,35851
4,19,31756
7,19,16694
8,19,11499
9,19,205
6,19,13759
9,19,13429
10,19,12477
9,19,12531
7,19,40542
8,19,20709
7,19,21561
3,19,14347
2,19,21771
8,19,28927
8,19,12355
8,19,26243
8,19,30503
9,19,20507
9,19,1698
9,19,32668
9,19,33674
7,19,19815
8,19,11597
8,19,18897
8,19,6219
8,19,10165
9,19,1210
8,19,15689
5,19,601
8,19,597
6,19,12467
5,19,13585
7,19,20651
7,19,36275
8,19,34591
7,19,36538
6,19,34534
9,19,32983
8,19,4081
8,19,20767
8,19,9782
7,19,10500
8,19,31174
6,19,19221
7,19,14749
9,19,18857
8,19,13659
10,19,8769
7,19,20907
7,19,6007
5,19,6884
6,19,31378
9,19,5341
7,19,28299
7,19,23673
8,19,199
4,19,14199
7,19,23427
7,19,20931
8,19,31704
10,19,30276
7,19,1047
9,19,21557
8,19,9204
5,19,1033
10,19,18523
5,19,12883
10,19,2129
8,19,4106
8,19,6
8,19,1980
7,19,11553
10,19,4224
6,19,523
6,19,20977
8,19,16866
10,19,14227
4,19,6641
10,19,6211
8,19,759
8,19,31297
8,19,30458
9,19,2236
6,19,22759
8,19,16049
2,19,6505
8,19,3089
8,19,1303
9,19,5074
7,19,6380
9,19,17909
8,19,3974
9,19,10798
8,19,8861
8,19,16241
7,19,7785
7,19,28677
9,19,20359
9,19,37779
9,19,33161
7,19,18753
10,19,14813
10,19,10521
7,19,31715
7,19,25879
10,19,6956
7,19,2890
8,19,22117
8,19,21085
6,19,16742
8,19,13171
9,19,10162
9,19,11531
5,19,885
8,19,513
8,19,38826
4,19,30919
9,19,19775
8,19,28735
8,19,28171
8,19,13175
9,19,13125
7,19,169
8,19,25781
9,19,38524
9,19,35760
10,19,25777
8,19,18397
10,19,16498
4,19,28447
8,19,21843
8,19,884
5,19,29786
9,19,10083
10,19,2216
7,19,28069
8,19,23273
6,19,34240
9,19,4163
9,19,2104
10,19,18119
8,19,20057
7,19,23327
10,19,4565
8,19,4107
10,19,2001
7,19,2154
8,19,1208
7,19,35790
7,19,14189
7,19,12445
8,19,10502
8,19,32093
6,19,30911
8,19,1044
5,19,30585
8,19,20021
10,19,15751
7,19,21881
6,19,1072
7,19,4382
8,19,849
9,19,7311
8,19,5681
3,19,14289
7,19,19211
8,19,16524
8,19,2418
8,19,10863
7,19,32188
10,19,11577
10,19,9253
8,19,565
9,19,11757
7,19,41168
6,19,13833
7,19,2593
9,19,2848
10,19,1530
5,19,1004
7,19,5978
9,19,3958
8,19,496
7,19,16009
6,19,25681
8,19,30709
7,19,18661
6,19,14713
8,19,15117
8,19,16706
7,19,10805
7,19,8525
9,19,3701
8,19,40591
7,19,37999
8,19,16664
8,19,9617
8,19,617
8,19,253
9,19,570
8,19,21327
8,19,34542
7,19,3782
4,19,17831
8,19,3783
8,19,4282
10,19,6045
9,19,38000
6,19,21659
8,19,18679
9,19,16149
9,19,33
9,19,1454
6,19,16662
9,19,10191
8,19,2623
7,19,18507
7,19,71
10,19,5114
9,19,7902
8,19,430
9,19,9135
6,19,8187
9,19,6594
7,19,7711
8,19,22763
7,19,14807
9,19,5205
8,19,5204
7,19,4280
6,19,25159
8,19,468
3,19,22057
7,19,32648
6,19,587
7,19,27969
8,19,16528
8,19,31859
8,19,1824
6,19,3299
8,19,23251
9,19,245
8,19,37105
6,19,17895
7,19,21431
7,19,10470
7,19,14811
7,19,32366
8,19,15417
8,19,15335
7,19,19363
7,19,16918
8,19,3508
8,19,27633
8,19,23289
7,19,1829
8,19,395
9,19,384
5,19,4147
7,19,20903
10,19,15809
8,19,38816
5,19,20457
9,19,160
7,19,13469
9,19,12189
7,19,13271
10,19,431
9,19,35557
8,19,8426
6,19,5998
7,19,10408
8,19,578
8,19,9760
7,19,256
7,19,8768
10,19,9656
7,19,24231
7,19,20853
7,19,1889
5,19,8074
8,19,39570
8,19,21877
7,19,6637
8,19,6372
8,19,5630
5,19,21541
7,19,15225
7,19,7728
7,19,777
5,19,24261
8,19,16067
7,19,10536
8,19,11313
8,19,10624
7,19,8100
7,19,14833
6,19,21863
7,19,512
8,19,32902
9,19,11981
6,19,11979
9,19,36862
7,19,37520
5,19,11705
8,19,33032
6,19,28121
9,19,6746
7,19,8408
6,19,23199
6,19,27831
6,19,2924
7,19,376
10,19,790
8,19,2759
9,19,3784
8,19,3785
8,19,12053
6,19,33487
6,19,21603
8,19,2926
9,19,21329
7,19,28957
8,19,24687
9,19,24701
10,19,457
7,19,323
6,19,21587
8,19,164
8,19,17074
7,19,39651
9,19,32182
8,19,3342
5,19,9581
9,19,302
8,19,16762
4,19,585
6,19,20541
8,19,330
3,19,221
7,19,522
9,19,10721
8,19,7465
9,19,22297
8,19,28701
7,19,10090
8,19,43
6,19,16636
8,19,16782
8,19,38040
9,19,30831
8,19,28725
10,19,16001
10,19,11887
7,19,17635
4,19,18045
6,19,12175
10,19,28851
5,19,31798
10,19,22535
9,19,1379
8,19,486
6,19,36098
6,19,9213
6,19,10122
8,19,433
7,19,8129
9,19,27821
9,19,10087
7,19,317
10,19,37515
9,19,34599
9,19,2034
8,19,16353
9,19,17741
7,19,10893
7,19,23385
8,19,28675
9,19,18153
8,19,15005
7,19,32949
7,19,23317
7,19,22145
8,19,16916
10,19,15487
7,19,11771
7,19,20889
6,19,416
6,19,15359
7,19,35507
7,19,548
8,19,13335
10,19,12113
9,19,10218
7,19,39195
7,19,22789
5,19,10501
10,19,5081
7,19,13535
9,19,9471
10,19,8516
10,19,6347
10,19,3901
10,19,2251
6,19,32827
8,19,1593
4,19,7805
8,19,3446
7,19,1270
8,19,7059
8,19,31964
5,19,11633
10,19,7647
8,19,9332
7,19,31646
9,19,2884
5,19,13709
5,19,4970
8,19,4835
9,19,32086
7,19,11285
8,19,66
9,19,586
8,19,8475
5,19,30206
6,19,6547
7,19,9062
6,19,10067
7,19,35015
7,19,2832
10,19,9989
10,19,15039
9,19,11433
6,19,23447
8,19,21995
7,19,24151
8,19,11737
7,19,7193
7,19,54
8,19,2969
8,19,22147
6,19,16405
7,19,16201
8,19,38002
8,19,37996
8,19,37171
5,19,38464
9,19,13863
4,19,16518
7,19,1961
8,19,31580
7,19,33253
7,19,32015
5,19,8713
7,19,25241
6,19,22199
1,19,6987
1,19,8577
7,19,47
8,19,22729
10,19,9074
8,19,11843
6,19,29067
6,19,16592
6,19,22839
6,19,5
9,19,5300
6,19,13807
8,19,14967
9,19,8142
10,19,2904
10,19,1575
10,19,4181
8,19,15037
7,19,16005
9,19,14075
8,19,11837
8,19,38668
10,19,3702
8,19,10638
8,19,9379
8,19,28223
8,19,14353
8,19,6880
8,19,974
7,19,17641
10,19,6573
10,19,2025
6,19,17121
7,19,15911
8,19,23283
3,19,15891
5,19,1723
9,19,2167
7,19,24913
7,19,22433
9,19,14345
8,19,13169
7,19,16934
7,19,3087
8,19,28999
9,19,14397
8,19,37623
6,19,14277
10,19,14741
8,19,1689
7,19,35608
8,19,21797
9,20,37521
10,20,28891
7,20,35507
10,20,32615
8,20,32282
8,20,35788
7,20,11757
7,20,21881
9,20,39597
10,20,35790
10,20,37430
9,20,22319
7,20,27899
6,20,39324
9,20,37779
8,20,35760
6,20,34104
5,20,36407
8,20,36754
7,20,38790
7,20,20785
7,20,30307
7,20,20
9,20,38524
9,20,1735
10,20,30276
8,20,29803
8,20,35073
5,20,33012
5,20,36023
5,20,35994
8,20,16498
8,20,25777
8,20,19815
7,20,37675
4,20,37744
8,20,27655
8,20,24833
7,20,30654
8,20,31964
9,20,33486
9,20,36456
8,20,38408
7,20,28999
8,20,31553
5,20,39523
10,20,35849
9,20,38656
8,20,22729
6,20,34497
10,20,36466
8,20,38145
9,20,38691
8,20,38680
7,20,28907
7,20,31637
10,20,39533
9,20,11617
9,20,37349
6,20,37210
8,20,20583
8,21,13851
9,21,270
9,21,15809
8,21,15699
8,21,11785
8,21,10793
9,21,17729
7,21,8425
8,21,2494
9,21,487
7,21,5734
9,21,3594
6,21,3668
10,21,37430
9,21,3455
9,21,1571
9,21,28907
6,21,257
7,21,932
9,21,7088
9,21,12189
7,21,20853
10,21,1889
10,21,934
10,21,8074
8,21,15451
9,21,24703
8,21,11617
9,21,379
8,21,1840
8,21,1195
7,21,34176
9,21,177
7,21,25157
8,21,11553
10,21,4224
8,21,175
9,21,22319
7,21,21353
8,21,8937
9,21,4654
5,21,19697
6,21,22759
9,21,16049
8,21,5667
9,21,343
8,21,39324
9,21,4896
8,21,23283
7,21,18677
9,21,12403
7,21,1894
8,21,481
8,21,8861
7,21,31380
9,21,497
8,21,1607
7,21,4752
8,21,33478
9,21,861
7,21,10798
9,21,31737
9,21,7817
9,21,8516
10,21,5081
9,21,2986
9,21,13535
8,21,20787
9,21,889
8,21,4901
5,21,22547
7,21,10490
10,21,31043
8,21,10719
9,21,10897
9,21,14967
8,21,6985
7,21,31478
7,21,33475
9,21,1519
8,21,232
8,21,4999
7,21,6166
8,21,304
9,21,2198
8,21,3090
9,21,11759
10,21,53
8,21,22199
9,21,4744
7,21,9618
6,21,16201
7,21,19429
8,21,591
8,21,886
10,21,8676
10,21,11235
9,21,6547
9,21,6987
9,21,372
7,21,30485
9,21,1726
9,21,16512
10,21,10155
10,21,11783
8,21,32887
9,21,2030
10,21,226
8,21,34662
9,21,20509
9,21,22297
9,21,28701
10,21,27821
10,21,10087
9,21,317
7,21,1157
6,21,8536
9,21,120
9,21,1281
8,21,356
10,21,5177
9,21,1535
7,21,34497
7,21,4975
9,21,16157
8,21,18671
8,21,34382
9,21,2167
9,21,50
9,21,49
7,21,1818
8,21,2564
8,21,20031
9,21,61
8,21,933
8,21,6747
10,21,15583
9,21,24655
7,21,6880
8,21,5940
7,21,17831
9,21,31404
8,21,2970
8,21,229
7,21,18897
8,21,11597
10,21,3467
9,21,6512
7,21,28819
10,21,195
9,21,443
7,21,23673
8,21,7079
9,21,14749
7,21,19221
7,21,35484
3,21,36027
9,21,29803
10,21,26243
9,21,5530
8,21,30
9,21,490
9,21,15689
9,21,1619
9,21,10721
9,21,330
10,21,2963
9,21,5162
9,21,3225
10,21,10620
8,21,4209
9,21,7627
10,21,8424
10,21,30307
7,21,624
7,21,323
9,21,1696
8,21,31442
8,21,3655
10,21,1722
9,21,23755
9,21,20
9,21,12467
8,21,1546
9,21,6112
8,21,29786
9,21,7724
7,21,6344
9,21,5034
9,21,4581
9,21,355
10,21,2104
8,21,339
10,21,5507
6,21,199
9,21,24037
7,21,4063
9,21,20973
7,21,22877
7,21,10073
9,21,21843
10,21,16498
9,21,34561
10,21,31240
8,21,238
9,21,31716
9,21,10572
9,21,13599
9,21,28497
7,21,32951
9,21,2993
8,21,64
6,21,17777
9,21,20047
8,21,1881
7,21,2476
8,21,4473
10,21,13125
10,21,8557
8,21,2031
7,21,169
9,21,30736
8,21,11013
8,21,33487
9,21,228
10,21,1594
8,21,3713
9,21,26441
9,21,5680
9,21,2130
9,21,8525
9,21,10080
8,21,3958
8,21,143
7,21,3503
10,21,1530
8,21,2593
7,21,3782
8,21,3783
7,21,4280
8,21,5204
8,21,5205
8,21,667
8,21,1691
8,21,2923
6,21,33834
9,21,34542
9,21,9041
8,21,14189
6,21,9393
9,21,20021
7,21,39597
7,21,31765
9,21,21881
9,21,36475
10,21,11757
9,21,849
9,21,7311
9,21,3667
10,21,855
10,21,10863
10,21,11577
7,21,341
10,21,198
10,21,9790
9,21,8407
9,21,5958
8,21,5262
8,21,40496
9,21,6205
8,21,52
9,21,17247
10,21,14513
7,21,576
10,21,157
6,21,7135
10,21,33003
10,21,76
9,21,1915
8,21,1557
10,21,10153
10,21,9756
10,21,11977
10,21,11979
10,21,11981
9,21,20785
9,21,99
8,21,10213
9,21,860
7,21,193
9,21,191
8,21,3229
10,21,32281
9,21,31757
10,21,8876
9,21,28851
8,21,4262
9,21,11887
8,21,8841
7,21,10790
7,21,4898
6,21,18153
10,21,17265
7,21,33197
9,21,189
9,21,190
9,21,192
9,21,4985
9,21,25777
10,22,82
9,22,36563
10,22,36982
9,22,96
9,22,80
7,22,3927
7,22,84
8,22,6336
6,22,2734
8,22,37338
8,22,978
9,22,85
8,22,35120
10,22,32
8,22,785
8,22,1943
8,22,86
10,22,437
8,22,1064
8,22,9756
8,22,2354
7,22,2355
8,22,2759
8,22,3784
8,22,3785
8,22,34662
9,22,28701
8,22,11741
9,22,19319
7,22,24625
8,22,10271
8,22,3002
8,22,431
9,22,218
8,22,1430
9,22,1088
10,22,30
8,22,199
9,22,15911
8,22,1382
10,22,890
8,22,34798
9,22,12029
10,22,95
10,22,949
8,22,1002
9,22,1
8,22,513
8,22,2582
10,22,2001
8,22,567
7,23,1559
8,23,287
8,23,551
9,23,263
8,23,10863
7,23,12069
8,23,264
8,23,265
8,23,5258
8,23,135
8,23,185
7,23,186
7,23,1859
8,23,1887
8,23,4472
8,23,30
7,23,1538
7,23,6114
7,23,45
8,23,401
9,23,9253
10,23,33
10,23,1535
8,23,14353
7,23,2904
9,23,1575
8,23,1818
8,23,59
6,23,4975
7,23,14345
8,23,269
9,23,12113
8,23,10218
8,23,227
7,23,10030
8,23,57
9,23,66
9,23,392
7,23,6880
8,23,7674
9,24,3092
8,24,531
9,24,1533
8,24,4814
8,24,142
7,25,37781
7,25,34161
9,25,35240
8,25,38610
8,25,41389
8,25,4224
8,25,25157
7,25,33581
7,25,34822
7,25,37722
7,25,35249
9,25,35790
8,25,41226
9,25,33352
9,25,39741
7,25,37993
8,25,37393
8,25,35968
8,25,32615
8,25,34798
7,25,10495
7,25,30279
9,25,37521
8,25,36817
9,25,9253
8,25,35839
8,25,30296
8,25,36286
9,25,39587
8,25,38992
8,25,23277
7,25,30727
8,25,32542
8,25,13759
9,25,8675
8,25,34504
9,25,20847
7,25,38759
8,25,38659
9,25,16498
9,25,25777
9,25,35760
10,25,38524
7,25,28171
8,25,33502
7,25,6802
7,25,39292
9,25,37675
9,25,29803
8,25,30831
8,25,31952
9,25,11887
8,25,33206
7,25,16732
10,25,38000
7,25,36407
9,25,38993
9,25,32937
9,25,35860
7,25,40839
6,25,19685
7,25,40716
9,25,37999
8,25,31405
8,25,31933
8,25,20899
7,25,14719
8,25,21511
8,25,23121
9,25,38040
7,25,27787
8,25,18897
7,25,34914
8,25,31953
9,25,40483
8,25,40708
7,25,30307
7,25,35078
8,25,40496
8,25,35073
5,25,21863
8,25,40571
8,25,40497
7,25,32900
8,25,20785
7,25,36990
8,25,33489
9,25,14833
8,25,38790
8,25,40591
9,25,39988
8,25,10087
8,25,11741
8,25,33731
8,25,34280
8,25,28907
8,25,35203
9,25,14131
9,25,18617
8,25,33970
9,25,28701
9,25,38081
8,25,8425
7,25,31859
8,25,11785
8,25,15699
8,25,15809
7,25,38476
7,25,23623
9,25,38555
8,25,37614
8,25,37349
8,25,31637
9,25,38472
8,25,37210
7,25,20509
6,25,9041
8,25,39790
8,25,34881
8,25,24833
8,25,38186
6,25,18247
7,25,30127
7,25,40004
8,25,32901
8,25,38671
7,25,28121
9,25,40956
9,25,38691
7,25,34497
8,25,39026
8,27,31765
10,27,22319
4,27,29758
6,27,21647
5,27,34449
10,27,27899
8,27,29089
4,27,14227
5,27,743
8,27,32615
6,27,34904
8,27,23283
10,27,36511
9,27,11757
9,27,28675
9,27,35860
8,27,35076
9,27,35639
6,27,390
5,27,36220
9,27,34542
10,27,32281
10,27,35062
10,27,10408
8,27,1889
7,27,934
7,27,31637
7,27,28907
6,27,34280
10,27,20785
9,27,276
8,27,23385
8,27,25015
9,27,32949
5,27,433
6,27,27411
9,27,277
6,27,4672
6,27,16782
7,27,35434
7,27,28725
8,27,34984
6,27,34934
10,27,28851
8,27,31798
9,27,43
6,27,2890
8,27,5114
9,27,2966
7,27,5341
8,27,13601
8,27,30015
6,27,23277
6,27,29317
10,27,31043
7,27,199
9,27,33743
9,27,16498
9,27,25777
1,27,35629
10,27,34102
7,27,21405
9,27,154
6,27,34392
7,27,28755
5,27,1535
8,27,32902
7,27,33487
9,27,10589
9,27,34658
2,27,34383
10,27,18897
8,27,27787
10,27,20
8,27,30276
8,28,1709
9,28,4026
7,28,2847
10,28,1526
8,28,1120
8,28,1119
7,28,1118
8,28,1117
7,28,1122
8,28,5526
10,28,4752
10,28,2993
8,28,419
9,28,3455
10,28,3457
9,28,550
8,28,2006
9,28,482
9,28,2404
9,28,3354
8,28,1527
10,28,1564
10,28,226
5,28,788
7,28,985
8,28,986
8,28,901
8,28,900
8,28,899
8,28,898
6,28,895
7,28,894
9,28,225
10,28,223
10,28,2904
10,28,1575
6,28,1050
7,28,2363
8,28,317
10,28,813
8,28,860
10,28,431
9,28,2386
8,28,2680
10,28,5252
10,28,2385
9,28,3848
10,28,2107
10,28,465
7,28,464
7,28,462
8,28,460
8,28,459
7,28,594
8,28,936
8,28,442
8,28,463
9,28,20
8,28,6741
8,29,31374
9,29,28171
8,29,32282
8,29,35788
9,29,38524
8,29,36474
8,29,36949
9,29,35760
9,29,32182
9,29,16498
7,29,35073
7,29,29803
9,29,30276
7,29,1735
9,29,37510
9,29,25777
8,29,37430
8,29,249
8,29,30831
9,29,20899
9,29,14719
9,29,38472
9,29,6811
9,29,15809
7,29,37349
9,29,11741
9,29,28701
9,29,33049
9,29,25537
8,29,813
5,29,30694
7,29,225
9,29,223
9,29,38145
8,29,36896
8,29,36456
8,29,33486
8,29,36951
9,29,392
9,29,37779
9,29,37141
8,30,20787
8,30,10163
8,30,6547
8,30,23321
9,30,20507
7,30,1564
7,30,9107
7,30,14093
7,30,17873
7,30,16498
7,30,18277
9,30,17265
9,30,11757
5,30,27899
7,30,25157
7,30,16742
7,30,481
7,30,482
7,30,109
7,30,11737
9,30,22199
6,30,857
6,30,6707
7,30,1565
6,30,1818
8,30,1575
6,30,4898
8,30,16592
8,30,2025
7,30,6573
9,30,28121
7,30,6746
7,30,23199
8,30,226
7,30,121
7,30,5114
8,30,2904
7,30,270
7,30,11617
7,30,24703
7,30,15451
7,30,30300
7,30,12729
8,30,8074
8,32,3535
10,32,20
10,32,23755
10,32,4814
10,32,16894
10,32,11771
10,32,20507
10,32,24415
10,32,30503
10,32,30458
10,32,199
10,32,16498
10,32,28171
10,32,22319
10,32,27899
10,32,31297
9,32,14227
10,32,523
10,32,3092
9,32,28223
7,32,22199
9,32,21995
9,32,9919
9,32,32379
7,32,12113
6,32,12115
8,32,31478
8,32,10218
10,32,15037
10,32,13807
10,32,32935
10,32,28891
10,32,20583
9,32,28825
6,32,29976
10,32,25731
8,32,28121
6,33,1195
7,33,202
6,33,3457
7,33,4224
5,33,3000
7,33,20
6,33,3469
8,33,444
8,33,158
8,33,1609
7,33,3268
5,33,936
8,33,99
8,33,98
8,33,77
7,33,76
7,33,157
6,33,193
7,33,1887
7,33,555
8,33,554
6,33,1530
8,33,143
6,33,673
5,33,594
8,33,1546
7,33,2013
8,33,1372
6,33,849
7,33,390
8,33,855
7,33,6112
7,33,4581
8,33,355
7,33,24
5,33,10884
8,33,45
6,33,2993
8,33,853
6,33,5341
8,33,2966
5,33,229
7,33,1732
7,33,1619
7,33,2014
9,33,7054
6,33,1531
5,33,449
5,33,531
8,33,532
4,33,1239
5,33,1240
6,33,1686
8,33,150
7,33,405
8,33,2964
8,33,740
6,33,372
7,33,59
8,33,60
9,33,2167
9,33,4181
8,33,4059
6,33,63
9,33,2030
6,33,2759
6,33,371
6,33,3784
8,33,530
8,33,2205
7,33,3269
6,33,4469
5,33,454
6,33,1143
5,33,299
4,33,873
8,33,48
5,33,298
6,33,1487
7,33,2986
9,33,50
8,33,880
7,33,2198
7,33,394
5,33,3266
6,33,5112
7,33,66
5,33,659
6,33,6347
6,33,304
8,33,6811
8,33,356
7,33,71
9,33,5114
10,33,11741
10,33,10087
6,33,72
7,33,4725
8,33,2026
8,33,249
7,33,452
6,33,450
8,33,451
7,33,456
9,34,73
9,34,72
8,34,6007
8,34,9761
10,34,2924
8,34,4789
10,34,6746
8,34,9330
8,34,9690
9,34,4437
7,34,2472
8,34,122
6,34,1996
9,34,121
10,34,5114
8,34,8426
8,34,136
10,34,3210
8,34,11013
9,34,8768
10,34,249
10,34,450
8,34,30
9,34,7592
10,34,2966
10,34,5341
6,34,2144
9,34,14645
8,34,5060
7,34,23289
10,34,243
10,34,507
7,34,13161
10,34,6895
10,34,9065
8,34,4551
10,34,16528
7,34,5835
9,34,587
8,34,3298
10,34,270
9,34,13115
5,34,442
8,34,20
10,34,877
6,34,52
9,34,6045
10,34,9656
5,34,10152
7,34,1579
9,34,1691
8,34,3375
8,34,8634
10,34,8129
10,34,4898
8,34,6707
6,34,7593
10,34,25681
7,34,53
6,34,9624
8,34,6811
10,34,3731
10,34,228
7,34,145
9,34,1594
8,34,3092
9,34,4814
10,34,14467
10,34,5680
10,34,7054
10,34,14713
10,34,3713
6,34,6287
9,34,189
10,34,2034
9,34,819
9,34,232
10,34,372
9,34,10800
10,34,11703
10,34,6747
10,34,1535
10,34,8086
10,34,60
10,34,149
10,34,67
10,34,14513
6,34,5030
10,34,68
10,34,457
9,34,15085
9,34,6547
10,34,21995
8,34,5081
7,34,9925
7,34,1569
10,34,449
6,34,322
9,34,2923
9,34,100
9,34,2104
10,34,8063
10,34,205
10,34,166
10,34,6171
8,34,401
10,34,46
8,34,4722
10,34,65
10,34,64
9,34,4214
9,34,13377
8,34,11491
9,34,1847
8,34,12673
8,34,11179
9,34,853
10,34,8476
9,34,451
9,34,1719
9,34,152
8,34,44
7,34,7705
10,34,1840
10,34,1195
9,34,4918
10,34,861
8,34,6956
10,34,4752
8,34,10321
8,34,6
9,34,14227
8,34,12695
7,34,696
10,34,849
9,34,14289
8,34,21773
9,34,4938
10,34,3470
9,35,6707
8,35,6547
9,35,4898
7,36,6512
7,36,5958
8,36,6802
8,36,17187
8,36,16498
9,36,4163
8,36,2104
9,36,8675
10,36,9253
7,36,1254
9,36,13601
6,36,10588
9,36,1943
9,36,5530
7,36,19369
6,36,19221
8,36,7769
10,36,5341
10,36,2966
10,36,12355
7,36,11491
9,36,10863
9,36,18679
6,36,9782
7,36,883
9,36,8457
8,36,6956
9,36,548
9,36,17909
9,36,4224
9,36,949
9,36,2210
10,36,2236
9,36,4654
7,36,9063
7,36,6213
9,36,9941
9,36,513
10,36,4107
8,36,20473
8,36,18121
7,36,12445
8,36,19815
9,36,19775
9,36,30
9,36,15863
8,36,18229
8,36,4725
10,36,227
10,36,317
10,36,11741
9,36,6922
7,36,356
8,36,11597
7,36,12565
10,36,2924
9,36,6746
7,36,1726
8,36,8086
3,36,10793
10,36,19319
8,36,587
9,36,3782
9,36,2593
7,36,590
8,36,5680
8,36,12413
9,36,10357
10,36,358
7,36,22123
8,36,7088
9,36,379
7,36,270
9,36,15809
10,36,413
9,36,11843
8,36,2605
6,36,7059
9,36,13535
5,36,1668
6,36,1669
6,36,288
10,36,5081
8,36,8516
9,36,6347
8,36,7647
7,36,11111
8,36,6547
9,36,298
8,36,189
8,36,6747
6,36,3654
8,36,9756
10,36,11981
8,36,14833
6,36,335
8,36,11761
8,36,14527
10,36,96
10,36,80
9,36,3743
8,36,6772
9,36,8514
7,36,190
9,36,9465
9,36,2904
8,36,14741
8,36,59
9,36,9252
10,37,13601
7,37,15409
8,37,853
8,37,1569
7,37,5424
8,37,20507
10,37,10165
10,37,4181
7,37,3771
8,37,10611
5,37,20
10,37,164
7,37,9312
9,37,3342
8,37,2396
10,37,1210
7,37,5671
8,37,4214
8,37,10495
10,37,523
8,37,10683
9,37,11757
9,37,25
8,37,3667
9,37,855
8,37,3588
7,37,79
8,37,1559
10,37,199
7,37,9355
7,37,5279
9,37,4063
10,37,13759
10,37,9756
9,37,2993
10,37,4898
9,37,8525
7,37,7593
9,37,2432
9,37,1535
9,37,6747
7,37,12549
8,37,6690
9,37,5194
9,37,6547
7,37,6635
6,37,2533
8,37,10694
9,37,10719
7,37,6686
7,37,6558
7,37,1780
8,37,14741
10,37,2167
9,37,7053
7,37,15379
10,37,227
8,37,7088
9,37,11617
10,37,6637
9,37,15225
8,37,2798
8,37,5097
8,37,382
10,37,5630
9,37,6372
9,37,121
8,37,8110
8,37,120
5,37,9367
8,37,9970
10,37,1157
9,37,6347
10,38,6987
8,38,37487
10,38,11617
10,38,15225
8,38,270
9,38,15809
9,38,36816
8,38,23289
7,38,28907
9,38,5114
8,38,32901
10,38,6746
10,38,28121
10,38,34497
10,38,15583
7,38,2904
10,38,33475
9,38,36456
10,38,31376
10,38,12189
10,38,18247
8,38,10711
10,38,27775
10,38,28927
10,38,26243
8,38,37675
8,38,35073
10,38,34136
8,38,1735
4,38,20
9,38,34577
10,38,21339
10,38,35062
10,38,34599
10,38,15051
9,38,18195
8,38,18153
10,38,32949
10,38,30831
10,38,16001
10,38,11887
6,38,7791
8,38,22789
8,38,30654
10,38,16157
7,38,33746
8,38,24833
10,38,23847
9,38,14813
10,38,523
5,38,36475
10,38,9253
10,38,25835
10,38,36688
10,38,25777
10,38,30484
10,38,34240
6,38,10073
10,38,30015
8,38,31519
10,38,31240
8,38,34561
7,38,30296
8,38,34881
10,40,7791
8,40,11887
8,40,31798
9,40,13659
8,40,23225
8,40,8481
8,40,23847
7,40,18753
8,40,14813
8,40,30355
9,40,10162
9,40,34902
9,40,5365
9,40,30240
8,40,6408
9,40,177
9,40,30015
7,40,5681
9,40,13759
10,40,4224
8,40,30279
8,40,4382
10,40,11757
10,40,21881
8,40,32093
9,40,2236
8,40,22319
8,40,12403
6,40,31245
8,40,30831
8,40,16001
8,40,849
8,40,7311
8,40,32282
8,40,28171
9,40,16498
9,40,28069
10,40,23273
8,40,31952
8,40,32998
9,40,16894
9,40,24655
7,40,32901
9,40,24765
9,40,23289
7,40,18411
10,40,918
10,40,15335
10,40,9969
10,40,28977
9,40,32366
7,40,21273
10,40,17895
8,40,8425
8,40,28825
9,40,8769
10,40,23673
10,40,12355
8,40,30276
8,40,33338
8,40,17549
8,40,28387
9,40,21327
8,40,25159
9,40,12189
10,40,10408
8,40,23623
7,40,11843
8,40,19163
8,40,20031
8,40,18153
9,40,22199
7,40,32828
9,40,8676
8,40,22147
10,40,9989
10,40,15039
9,40,21995
9,40,28805
7,40,31636
10,40,9513
8,40,1222
8,40,22789
8,40,1689
10,40,4181
10,40,20
7,40,2581
8,40,28755
9,40,25517
10,40,8310
5,40,19769
9,40,18195
10,40,2167
9,40,14741
8,40,28999
9,41,30276
4,41,1978
4,41,11879
4,41,6893
7,41,31704
7,41,34134
6,41,18153
5,41,11597
9,41,12355
6,41,16690
10,41,457
8,41,7627
9,41,9756
9,41,34599
7,41,35120
10,41,1535
7,41,11843
5,41,3239
8,41,10012
6,41,28755
6,41,357
4,41,1639
7,41,31964
7,41,1050
4,41,24793
7,41,997
8,41,57
6,41,22789
7,41,12365
7,41,20507
8,41,38668
7,41,229
9,41,10165
8,41,32
7,41,31
7,41,15689
8,41,601
6,41,1062
6,41,597
8,41,1735
7,41,5114
9,41,121
8,41,18507
5,41,33010
9,41,227
7,41,11741
8,41,10087
8,41,28701
8,41,22297
8,41,30346
7,41,32729
9,41,387
7,41,35067
8,41,33161
7,41,23847
7,41,14813
5,41,20965
8,41,16742
6,41,11113
7,41,10162
7,41,5365
6,41,32355
8,41,22319
6,41,885
6,41,33157
7,41,32093
6,41,2033
7,41,2290
4,41,6607
6,41,33417
7,41,35507
3,41,2982
6,41,937
7,41,6707
8,41,4898
9,41,801
9,41,467
7,41,19195
6,41,17187
8,41,43
2,41,33993
8,41,2403
8,41,31758
9,41,31757
8,41,9260
6,41,7674
6,41,36904
10,41,1177
6,41,32828
6,41,24833
8,41,66
8,41,31174
6,41,5681
7,41,32587
6,41,37105
9,41,339
9,41,199
4,41,34839
8,41,30240
6,41,35330
8,41,6560
6,41,4793
6,41,528
8,41,22135
4,41,4866
5,41,8626
7,41,36028
2,41,34280
7,41,35222
5,41,5391
7,41,14407
8,41,10271
6,41,32175
10,41,3002
9,41,20583
8,41,16498
6,41,5081
4,41,24641
6,41,31798
8,41,516
7,41,37965
7,41,7711
9,41,7791
8,41,5680
2,41,40131
8,41,253
4,41,37210
8,41,431
6,41,33654
9,41,1889
9,41,934
8,41,27989
7,41,6574
9,41,32935
8,41,28891
7,41,97
8,41,10030
7,41,1887
9,42,1691
6,42,16397
10,42,8795
8,42,10739
8,42,31138
9,42,29803
6,42,37356
6,42,27909
5,42,34659
4,42,9638
5,42,10108
3,42,23363
8,42,10020
8,42,6007
7,42,6884
9,42,5341
9,42,2966
9,42,23673
6,42,4852
6,42,1978
7,42,10219
8,42,9587
7,42,31789
8,42,21097
9,42,8769
8,42,4866
4,42,2351
6,42,1689
7,42,5116
8,42,4535
8,42,3456
7,42,6280
6,42,31300
6,42,38934
8,42,31740
6,42,32895
5,42,4562
7,42,30903
7,42,10799
5,42,31749
10,42,2167
7,42,1723
8,42,4059
8,42,11703
6,42,15633
7,42,13807
9,42,15037
5,42,29943
8,42,31401
4,42,38047
9,42,20031
7,42,23383
5,42,37413
8,42,11879
7,42,10380
8,42,20849
8,42,11321
6,42,20857
7,42,11033
6,42,33272
1,42,2869
7,42,9741
1,42,29949
4,42,33514
7,42,17585
6,42,36602
7,42,36603
5,42,36599
5,42,36601
8,42,31121
9,42,30307
7,42,30269
8,42,24357
3,42,12637
3,42,35339
7,42,9581
8,42,8424
2,42,6220
7,42,15689
6,42,19727
9,42,6893
7,42,14685
7,42,7474
8,42,443
6,42,23427
7,42,20931
10,42,6324
7,42,2957
5,42,32191
5,42,38808
7,42,9731
9,42,7592
9,42,17157
7,42,24175
9,42,20507
5,42,37402
8,42,24991
10,42,19815
9,42,11597
6,42,30514
5,42,32468
9,42,28149
5,42,37193
4,42,10764
7,42,31478
4,42,9849
8,42,19429
7,42,24751
8,42,4010
7,42,17901
7,42,30128
10,42,8676
6,42,9117
8,42,11235
5,42,15951
7,42,12669
8,42,31810
5,42,2979
7,42,15085
7,42,27881
8,42,2867
8,42,30614
6,42,13019
8,42,9062
7,42,10067
8,42,31101
10,42,9989
9,42,11111
6,42,20655
9,42,8577
8,42,6987
7,42,5772
5,42,2730
9,42,5762
6,42,2863
7,42,28789
8,42,33993
8,42,29809
8,42,32484
8,42,25397
8,42,12291
8,42,16273
7,42,31790
7,42,39093
3,42,6535
7,42,3680
8,42,53
6,42,394
7,42,3266
5,42,21861
5,42,9721
9,42,1734
9,42,31580
8,42,25241
10,42,22199
6,42,281
9,42,4744
6,42,20365
7,42,11701
9,42,21995
8,42,24151
9,42,20787
9,42,11285
3,42,1055
2,42,3430
4,42,3429
7,42,762
8,42,11633
8,42,18441
7,42,1639
6,42,29852
5,42,9907
1,42,2349
1,42,6328
9,42,12055
6,42,36594
6,42,25437
8,42,22745
9,42,14345
6,42,40379
7,42,4011
5,42,27727
8,42,9919
6,42,13677
7,42,11266
5,42,10647
7,42,31754
3,42,6950
3,42,8652
9,42,13863
7,42,6166
7,42,9618
9,42,7817
10,42,28805
6,42,6948
5,42,24641
10,42,23037
6,42,25077
9,42,32664
9,42,20543
7,42,10421
3,42,3980
7,42,368
5,42,972
7,42,5347
6,42,13223
4,42,29978
9,42,8460
9,42,10620
7,42,13411
8,42,12419
7,42,23251
7,42,651
5,42,1679
6,42,881
7,42,133
6,42,31108
6,42,507
7,42,243
7,42,10504
8,42,15699
10,42,8425
5,42,14993
6,42,38444
8,42,10470
10,42,27631
2,42,30042
9,42,17491
7,42,31561
9,42,25183
7,42,19521
5,42,8293
8,42,17895
6,42,6895
6,42,11663
6,42,33153
6,42,19185
8,42,33241
9,42,15895
9,42,8768
8,42,934
8,42,9515
8,42,13357
8,42,12729
7,42,30300
8,42,15451
8,42,31326
8,42,24703
6,42,6399
8,42,1781
7,42,15225
7,42,11077
8,42,7728
7,42,6904
5,42,32700
4,42,36598
2,42,37196
9,42,28779
9,42,30583
9,42,21521
7,42,24987
7,42,33689
9,42,28921
6,42,7456
7,42,20919
7,42,27417
6,42,29974
8,42,17513
7,42,5065
10,42,3702
7,42,36597
8,42,25877
10,42,28223
7,42,2994
9,42,1535
9,42,14353
6,42,32264
8,42,10418
10,42,6880
8,42,24429
6,42,24823
8,42,4182
9,42,2025
9,42,17121
10,42,26349
9,42,16592
7,42,11135
6,42,36600
8,42,20377
6,42,23033
8,42,121
6,42,36629
8,42,33222
9,42,18507
6,42,39211
3,42,22169
6,42,38055
7,42,27879
8,42,10779
7,42,32872
9,42,376
10,42,226
8,42,6691
8,42,19137
8,42,8408
10,42,6746
7,42,31886
9,42,23333
10,42,11705
7,42,10691
7,42,12503
9,42,12189
4,42,36096
7,42,17791
5,42,13309
6,42,17811
5,42,13373
7,42,13259
7,42,6793
7,42,6163
8,42,8068
7,42,4898
8,42,16023
7,42,30242
9,42,2841
7,42,17815
1,42,11185
6,42,23761
8,42,11887
9,42,32620
7,42,32953
7,42,28311
9,42,8876
8,42,20801
7,42,3543
9,42,5042
10,42,22535
7,42,14661
6,42,13375
6,42,17819
6,42,36494
6,42,30913
10,42,21603
7,42,31165
5,42,2488
5,42,39320
7,42,33909
3,42,33910
7,42,2445
3,42,12101
9,42,23441
9,42,21105
6,42,32730
5,42,15051
5,42,32481
8,42,24317
9,42,23321
10,42,17265
7,42,32997
8,42,19489
8,42,14349
8,42,1785
7,42,39001
8,42,23385
7,42,30745
4,42,31780
8,42,20649
10,42,17741
5,42,9170
8,42,20379
5,42,6553
7,42,25649
7,42,4814
8,42,29915
4,42,18653
9,42,29785
9,42,23121
6,42,23479
9,42,22429
4,42,37355
9,42,13403
9,42,11013
5,42,30424
8,42,10938
7,42,5890
5,42,4004
8,42,3896
7,42,1783
7,42,1510
7,42,21235
5,42,9486
4,42,2858
7,42,3210
6,42,24273
6,42,27603
6,42,9203
6,42,1856
10,42,147
5,42,29770
6,42,21349
4,42,1454
8,42,24439
9,42,12549
8,42,10191
6,42,16033
5,42,145
9,42,389
7,42,1408
7,42,7875
6,42,6791
6,42,4760
7,42,3503
6,42,32600
7,42,30460
8,42,25681
7,42,18661
10,42,14713
8,42,9366
8,42,10298
9,42,7054
5,42,3939
6,42,31344
9,42,16904
8,42,6862
8,42,5680
8,42,14893
7,42,15325
7,42,24745
9,42,11499
5,42,32847
9,42,13759
8,42,38764
8,42,20047
5,42,37357
8,42,30240
10,42,19315
8,42,10933
4,42,33104
6,42,5316
7,42,710
8,42,1847
7,42,17913
9,42,16694
8,42,3328
6,42,28447
7,42,25441
7,42,23433
9,42,154
8,42,830
6,42,36608
2,42,32583
6,42,199
7,42,11487
9,42,9926
4,42,4492
8,42,29085
2,42,22161
9,42,3759
7,42,756
9,42,16498
4,42,18831
8,42,8861
7,42,7583
7,42,34963
9,42,28677
7,42,20359
6,42,14951
8,42,10827
8,42,935
8,42,22117
6,42,23487
10,42,21085
5,42,36596
7,42,20449
3,42,30668
3,42,30092
8,42,14359
1,42,23057
8,42,32768
7,42,21103
5,42,10280
9,42,32542
8,42,15775
8,42,23475
7,42,18151
7,42,5455
10,42,14347
4,42,28715
7,42,6127
7,42,3888
7,42,8289
7,42,33934
5,42,36606
6,42,11467
9,42,15537
4,42,11997
4,42,4360
8,42,23775
7,42,18397
7,42,19391
5,42,3507
9,42,8026
7,42,17409
8,42,16868
4,42,5369
7,42,855
7,42,23679
7,42,21067
5,42,36451
10,42,9253
7,42,36607
6,42,36841
7,42,19285
9,42,25781
7,42,32239
4,42,16608
6,42,10488
6,42,79
8,42,21881
7,42,7396
6,42,10263
8,42,5583
9,42,7748
4,42,22785
6,42,27891
6,42,31680
10,42,22319
7,42,5667
7,42,8449
7,42,2862
7,42,916
9,42,27899
8,42,13663
9,42,30458
7,42,16866
6,42,523
8,42,23701
8,42,11553
8,42,31297
5,42,37845
4,42,36605
8,42,17949
3,42,29995
7,42,15673
10,42,10702
6,42,34859
9,42,14189
10,42,12445
8,42,33004
8,42,32093
6,42,18799
6,42,16099
6,42,20021
8,43,223
10,43,813
9,43,1535
8,44,31988
6,44,11617
5,44,24703
6,44,15451
6,44,8074
8,44,934
8,44,1889
7,44,3652
5,44,28825
7,44,36296
6,44,36884
7,44,39468
8,44,40815
3,44,25157
7,44,27989
3,44,10490
7,44,40060
5,44,31043
7,44,31964
6,44,38408
5,44,36896
5,44,31478
9,44,232
7,44,33354
5,44,37435
5,44,28999
6,44,14741
5,44,35608
4,44,18671
9,44,4181
7,44,4059
7,44,2904
7,44,35756
9,44,1
3,44,31636
5,44,34103
4,44,32189
5,44,33028
5,44,16592
5,44,34618
6,44,530
8,44,39195
8,44,22789
7,44,36904
7,44,12291
9,44,35180
9,44,31646
6,44,38815
3,44,34881
7,44,30123
7,44,31173
3,44,22199
6,44,30370
4,44,22147
7,44,26349
7,44,6547
8,44,24833
10,44,30654
6,44,21995
5,44,11737
5,44,33506
3,44,30205
8,44,2251
5,44,6347
4,44,8516
9,44,5081
6,44,9989
5,44,37972
6,44,29067
3,44,19163
5,44,33731
5,44,24765
7,44,18229
4,44,1829
5,44,32607
5,44,39463
4,44,17895
8,44,40052
8,44,20583
8,44,28891
8,44,32935
6,44,40262
7,44,38883
6,44,40776
5,44,35889
8,44,21855
5,44,32648
6,44,37517
6,44,15809
7,44,37141
10,44,7645
6,44,4983
6,44,15225
7,44,121
6,44,41120
6,44,40417
7,44,38680
7,44,974
4,44,6880
7,44,1535
7,44,28223
8,44,35120
7,44,37520
8,44,30346
6,44,38691
6,44,6746
5,44,27833
4,44,15583
6,44,23199
8,44,39792
3,44,226
2,44,32901
3,44,22043
7,44,22297
6,44,28701
7,44,10087
7,44,11741
10,44,227
3,44,33010
5,44,18507
6,44,120
5,44,27831
7,44,10408
7,44,30709
8,44,431
3,44,31716
3,44,34126
7,44,35777
3,44,32951
8,44,33255
7,44,40542
6,44,38249
6,44,32542
6,44,13759
6,44,11499
5,44,31564
3,44,37450
8,44,199
8,44,339
3,44,31229
6,44,34240
5,44,23273
5,44,7724
6,44,25777
9,44,25835
6,44,37426
5,44,30015
6,44,39587
5,44,31240
6,44,28297
3,44,8769
7,44,853
4,44,34262
4,44,35073
4,44,37675
5,44,26243
4,44,28927
8,44,31181
9,44,35247
7,44,8795
8,44,1943
7,44,37407
8,44,437
5,44,37975
8,44,22135
7,44,35330
7,44,35848
8,44,13601
5,44,33926
5,44,30296
5,44,28171
5,44,32282
8,44,35838
6,44,32175
6,44,523
6,44,37976
5,44,23283
8,44,392
6,44,32995
5,44,32615
8,44,34537
8,44,7785
6,44,28677
7,44,37779
7,44,23847
6,44,39547
6,44,14813
8,44,4224
5,44,32899
6,44,33352
8,44,37521
3,44,3457
8,44,32681
7,44,34902
7,44,28025
4,44,34822
5,44,14227
7,44,2966
7,44,759
8,44,33095
3,44,33433
4,44,37569
6,44,3588
6,44,35847
10,44,9253
8,44,5681
6,44,849
1,44,21881
6,44,36470
8,44,16417
6,44,32093
5,44,35790
10,44,2001
8,44,513
8,44,37430
5,44,41353
5,44,3455
7,44,2236
2,44,27899
8,44,35557
4,44,23673
8,44,30276
6,44,38993
8,44,145
8,44,37965
4,44,32686
6,44,24439
7,44,34451
8,44,33
8,44,18679
6,44,38000
7,44,32281
4,44,31798
7,44,9260
8,44,31758
8,44,33206
8,44,28851
4,44,34934
4,44,31952
7,44,32937
6,44,34389
7,44,16782
2,44,28623
6,44,32268
4,44,34712
7,44,36593
9,44,11061
6,44,11135
5,44,11013
7,44,6811
5,44,38472
7,44,40010
6,44,39534
5,44,29785
7,44,14719
5,44,20899
7,44,26055
9,44,31933
8,44,37991
4,44,35076
8,44,5680
7,44,9617
9,44,7791
7,44,37999
7,44,40591
4,44,7054
5,44,34933
7,44,40716
6,44,40221
6,44,14713
4,44,4898
6,44,32949
5,44,18153
8,44,19
7,44,41619
4,44,31442
5,44,41168
5,44,23755
4,44,34577
4,44,31722
6,44,15689
9,44,30
6,44,36038
4,44,31404
5,44,31953
6,44,34914
8,44,10165
7,44,18897
5,44,27787
5,44,19815
3,44,10161
5,44,30503
5,44,21557
8,44,164
9,44,12355
8,44,17074
7,44,30014
5,44,28675
6,44,14349
7,44,33489
6,44,17265
4,44,32526
9,44,1887
4,44,31598
8,44,1430
7,44,34599
4,44,33003
8,44,9756
6,44,35062
6,44,32902
7,44,512
3,44,33487
6,44,36563
7,44,585
4,44,10620
6,44,35078
8,44,38450
8,44,37510
5,44,15315
7,44,37786
7,44,37985
7,45,7711
5,45,40839
7,45,617
9,45,431
9,45,268
7,45,21431
10,45,9969
9,45,7472
10,45,918
9,45,23289
7,45,2890
8,45,227
5,45,32901
7,45,37982
8,45,10029
9,45,16662
8,45,32281
10,45,416
10,45,523
8,45,513
6,45,20021
8,45,21881
7,45,18277
10,45,199
7,45,17777
8,45,47
6,45,1943
6,45,20931
8,45,597
9,45,164
7,45,512
8,45,1430
7,45,2611
8,45,41389
9,45,4224
8,46,13601
8,46,32
8,46,18897
8,46,11597
7,46,19815
9,46,33674
6,46,24135
8,46,1698
7,46,3467
7,46,20507
7,46,11933
5,46,28819
7,46,12859
7,46,30276
9,46,30
7,46,34134
7,46,15689
9,46,16067
7,46,20785
6,46,40496
7,46,14833
7,46,10397
6,46,11761
6,46,14527
8,46,36563
8,46,21603
7,46,16762
9,46,36936
6,46,15315
10,46,17074
7,46,2926
7,46,23755
8,46,27775
9,46,5341
8,46,36885
8,46,30727
7,46,2993
7,46,14407
6,46,32951
8,46,30015
9,46,39587
9,46,31240
7,46,30296
5,46,23309
7,46,21339
7,46,10687
10,46,2966
5,46,19365
6,46,7769
8,46,28297
7,46,8769
7,46,14749
6,46,19221
8,46,35073
7,46,26243
7,46,28927
9,46,31181
10,46,35247
5,46,22877
5,46,22663
8,46,35851
7,46,11499
10,46,13759
7,46,1699
7,46,27899
7,46,22319
7,46,8937
8,46,4654
8,46,16049
6,46,19117
7,46,16870
10,46,2001
7,46,32093
8,46,16417
7,46,16011
9,46,523
9,46,4224
7,46,11553
9,46,36999
9,46,23283
7,46,18677
5,46,35507
5,46,8861
8,46,7785
7,46,28677
8,46,21647
9,46,37779
9,46,39547
7,46,14813
8,46,18245
7,46,10162
8,46,28025
6,46,28285
7,46,25157
8,46,23847
5,46,19769
7,46,36474
6,46,30363
6,46,23233
8,46,38524
7,46,35760
7,46,16498
7,46,1559
9,46,23273
7,46,34240
7,46,355
7,46,38787
10,46,199
6,46,5909
9,46,38329
8,46,28171
8,46,32282
8,46,35788
6,46,21881
8,46,4382
9,46,849
10,46,7311
8,46,5681
7,46,39597
8,46,10863
9,46,30484
10,46,9253
9,46,35847
8,46,24893
7,46,36949
8,46,11577
7,46,25517
7,46,7222
7,46,14353
6,46,6880
7,46,19163
7,46,15583
7,46,11843
8,46,29067
8,46,16592
10,46,2904
8,46,1575
7,46,34437
7,46,8888
8,46,4059
7,46,6351
10,46,4181
10,46,2167
7,46,18671
10,46,35608
10,46,1535
7,46,2994
8,46,28223
8,46,34100
7,46,31706
8,46,14829
8,46,3785
8,46,3784
7,46,2759
7,46,38671
8,46,14741
9,46,226
9,46,23199
9,46,6746
7,46,28121
6,46,37982
8,46,35120
7,46,8086
8,46,5177
9,46,27831
8,46,4186
7,46,28999
6,46,12293
8,46,8475
6,46,36882
7,46,7193
7,46,33506
7,46,24833
8,46,11111
7,46,23447
8,46,9989
8,46,21185
9,46,10067
7,46,8676
6,46,27655
9,46,47
6,46,22199
7,46,30868
6,46,24455
7,46,11759
10,46,6547
7,46,25537
6,46,6347
8,46,5081
8,46,1689
7,46,14345
7,46,10092
7,46,9724
7,46,9465
7,46,9252
7,46,8514
7,46,6772
8,46,21405
7,46,14967
8,46,28805
7,46,10719
8,46,269
7,46,20787
4,46,31904
9,46,22789
7,46,10030
8,46,7674
8,46,31964
8,46,33049
7,46,889
8,46,22297
9,46,31757
9,46,9260
8,46,31798
8,46,22535
10,46,32281
4,46,147
8,46,38000
8,46,33
6,46,36407
8,46,10568
9,46,31758
8,46,40716
8,46,7054
8,46,37999
7,46,16904
8,46,5680
7,46,14467
9,46,37991
9,46,31933
8,46,26055
8,46,20899
8,46,14719
7,46,16668
5,46,23121
10,46,28851
8,46,11887
6,46,17247
7,46,6922
7,46,15051
9,46,18195
8,46,13655
7,46,12487
6,46,10456
10,46,28675
7,46,12175
7,46,25015
8,46,31658
7,46,24415
8,46,16894
7,46,11771
7,46,3358
8,46,32268
9,46,16782
8,46,32937
8,46,30831
8,46,18153
7,46,3731
7,46,15379
7,46,5781
8,46,31859
9,46,10793
8,46,29095
8,46,17729
8,46,8425
8,46,17895
6,46,33783
8,46,21273
8,46,39533
7,46,28907
7,46,395
7,46,384
7,46,30544
7,46,430
10,46,5114
8,46,11741
8,46,38790
8,46,27821
8,46,28701
9,46,28891
5,46,34213
7,46,38883
7,46,13469
8,46,32935
7,46,34542
10,46,11061
5,46,31338
9,46,431
7,46,28825
7,46,15451
8,46,10408
6,46,11785
7,46,11617
8,46,6637
8,46,6372
7,46,15809
6,46,8630
8,46,5630
8,47,36470
7,47,33036
8,47,14289
7,47,390
8,47,31765
7,47,21881
6,47,36474
8,47,2001
7,47,18277
7,47,11757
10,47,9253
8,47,34480
9,47,22101
9,47,35760
9,47,25777
10,47,16498
9,47,37430
9,47,1559
9,47,38524
9,47,28171
9,47,35788
9,47,36949
8,47,39940
7,47,79
8,47,4722
7,47,5958
8,47,16870
9,47,1195
7,47,35507
8,47,11319
8,47,1840
8,47,25013
9,47,31173
9,47,30123
8,47,31580
8,47,102
7,47,6773
7,47,32323
7,47,38101
8,47,11759
8,47,33253
8,47,14813
8,47,41389
10,47,4224
10,47,6
7,47,25157
7,47,28285
8,47,34902
8,47,6956
9,47,25879
8,47,10521
8,47,35968
8,47,33094
10,47,10162
8,47,2787
9,47,18897
10,47,199
7,47,12467
9,47,36038
7,47,36043
9,47,19815
10,47,20
8,47,1698
8,47,8190
8,47,6023
8,47,20507
9,47,5690
7,47,31722
10,47,23755
9,47,38357
9,47,627
9,47,8676
9,47,558
9,47,14833
7,47,10397
9,47,34577
8,47,330
10,47,164
7,47,30307
8,47,2926
8,47,16067
9,47,10620
6,47,32603
9,47,30276
9,47,853
6,47,325
9,47,31240
10,47,30015
8,47,2993
10,47,205
10,47,37450
4,47,4063
8,47,459
8,47,38555
9,47,195
8,47,443
8,47,23673
9,47,2966
7,47,37826
10,47,5341
8,47,6007
7,47,7769
8,47,32729
9,47,28297
7,47,14749
8,47,38483
9,47,11235
9,47,33
8,47,6547
8,47,37475
9,47,22535
9,47,12031
10,47,32281
8,47,11887
10,47,38000
7,47,36407
7,47,1691
9,47,5205
8,47,5204
9,47,4282
9,47,16001
8,47,30831
7,47,587
8,47,31245
8,47,20785
9,47,14513
8,47,2034
8,47,28725
7,47,189
9,47,31051
9,47,24415
10,47,16894
10,47,11771
8,47,15379
9,47,16782
8,47,39017
8,47,4280
8,47,3782
9,47,3731
5,47,40010
8,47,5781
7,47,8074
8,47,34281
8,47,24703
8,47,11617
9,47,15225
8,47,3783
9,47,14719
10,47,40591
8,47,2593
10,47,39198
9,47,25681
8,47,33323
10,47,37999
8,47,18661
9,47,10080
8,47,8525
7,47,34933
9,47,7054
10,47,28891
8,47,28755
8,47,1536
7,47,12293
8,47,38408
8,47,59
7,47,35608
8,47,2167
9,47,4181
8,47,38940
10,47,5941
7,47,12549
8,47,14741
8,47,26349
10,47,36456
9,47,31964
8,47,9919
8,47,36882
7,47,7817
10,47,28805
10,47,33486
10,47,12365
9,47,34636
8,47,39195
9,47,889
9,47,1519
9,47,31043
10,47,10030
10,47,32935
7,47,38656
10,47,5114
8,47,28907
8,47,31637
8,47,23289
7,47,37349
9,47,73
8,47,268
7,47,34279
9,47,37105
8,47,17729
5,47,31324
8,47,29095
10,47,20583
9,47,17895
7,47,35849
9,47,28701
6,47,37982
7,47,223
9,47,30694
8,47,31339
8,47,28121
9,47,38680
6,47,37347
8,47,2924
9,47,345
9,47,2035
9,47,22297
7,47,32801
8,47,23945
4,47,8577
10,48,9919
9,48,101
10,48,9989
6,48,1689
10,48,10800
10,48,2167
10,48,1535
10,48,4789
9,48,2890
7,48,8768
8,48,225
10,48,9656
10,48,2034
10,48,330
10,48,877
10,48,20
10,48,4155
10,48,11499
10,48,6045
10,48,16498
10,48,4224
8,49,37675
8,49,35073
8,49,29803
7,49,34134
7,49,19221
9,49,32729
7,49,26243
8,49,19369
10,49,5682
8,49,20507
7,49,30240
8,49,13601
7,49,23281
7,49,33926
7,49,37078
7,49,30296
7,49,30276
7,49,10711
7,49,32603
7,49,31722
7,49,33487
7,49,10110
6,49,5962
7,49,10620
7,49,32182
8,49,37510
8,49,23755
6,49,30015
8,49,1735
7,49,31764
9,49,31953
6,49,19815
6,49,39539
8,49,17549
8,49,30503
8,49,20
7,49,28497
7,49,2476
5,49,39597
5,49,34009
8,49,27899
7,49,36511
10,49,4224
8,49,37521
7,49,36474
7,49,6956
7,49,10521
8,49,33094
7,49,18753
7,49,23847
8,49,28677
8,49,35507
7,49,25879
7,49,31765
5,49,21881
6,49,36475
5,49,33836
7,49,199
9,49,23273
9,49,29786
7,49,38659
8,49,16498
7,49,25777
7,49,23233
7,49,30363
7,49,28171
7,49,31914
8,49,5958
10,49,9253
8,49,30484
6,49,37492
7,49,10106
7,49,11757
8,49,205
8,49,39196
5,49,9741
7,49,9756
8,49,32867
7,49,33475
7,49,10163
8,49,28999
7,49,14741
8,49,18671
7,49,2167
7,49,4181
9,49,1818
8,49,2904
7,49,25731
8,49,15583
7,49,19163
7,49,17641
9,49,1535
8,49,28223
7,49,20785
8,49,35120
7,49,2432
7,49,38691
8,49,223
9,49,813
8,49,31339
8,49,31478
8,49,28121
8,49,14967
7,49,10719
7,49,32998
9,49,22199
7,49,19429
7,49,22147
9,49,6547
7,49,10067
4,49,11111
8,49,24833
7,49,9919
7,49,32667
9,49,9513
6,49,9120
9,49,889
8,49,8440
9,49,1519
9,49,31043
7,49,31964
7,49,33486
8,49,38408
7,49,33988
6,49,10851
7,49,30831
7,49,25429
8,49,14513
8,49,18115
8,49,23321
8,49,17265
8,49,24415
8,49,16894
7,49,12413
7,49,13331
8,49,11771
7,49,18679
8,49,22535
7,49,5042
6,49,7593
7,49,33206
6,49,8876
9,49,28851
9,49,11061
7,49,34542
7,49,15451
6,49,18001
8,49,33731
8,49,30544
7,49,31737
7,49,25183
8,49,28907
8,49,31637
7,49,37349
8,49,27631
7,49,17729
8,49,29093
7,49,29095
7,49,10793
7,49,31859
7,49,39030
8,49,11617
7,49,31326
7,49,32937
7,50,20507
7,50,30503
9,50,12355
9,50,721
8,50,23755
7,50,15439
9,50,20651
9,50,10379
9,50,32983
9,50,4081
10,50,1735
8,50,20
7,50,877
8,50,32949
8,50,1566
9,50,32937
7,50,13601
5,50,31240
9,50,11843
9,50,28851
9,50,5300
7,50,28677
9,50,14813
9,50,25879
7,50,34902
9,50,4224
5,50,44
7,50,27899
8,50,31680
7,50,4722
8,50,25777
8,50,16498
8,50,23273
9,50,199
7,50,11123
5,50,22319
7,50,32281
7,50,31758
9,50,34933
9,50,34881
7,50,30123
7,50,31904
9,50,31043
7,50,28755
8,50,31478
10,50,232
8,50,26349
10,50,1535
8,50,28223
9,50,30346
8,50,6746
8,50,22043
9,50,790
6,50,7054
9,50,33654
10,50,777
9,50,14713
8,50,28977
9,50,15417
8,50,245
9,50,9969
10,50,918
10,51,30276
9,51,13601
9,51,9926
6,51,164
1,51,14289
9,51,11757
10,51,32899
9,51,11123
9,51,32281
9,51,8479
8,51,15195
9,51,5114
7,51,120
4,51,15037
10,51,2904
10,51,1575
9,51,31964
9,51,9513
9,51,32995
10,51,10408
10,51,1535
8,51,21995
9,51,6347
8,52,4535
8,52,6956
10,52,856
9,52,4224
8,52,1002
10,52,523
8,52,6211
8,52,2236
9,52,4654
8,52,6213
9,52,513
10,52,8348
10,52,4705
9,52,3352
7,52,6548
9,52,5947
10,52,4565
9,52,4107
10,52,5712
9,52,3712
9,52,5764
9,52,5597
9,52,6030
9,52,30
9,52,32
9,52,1210
8,52,6512
8,52,5957
9,52,8740
8,52,5252
8,52,2680
8,52,524
9,52,2966
9,52,5341
10,52,2150
8,52,5141
9,52,5118
10,52,4382
7,52,357
8,52,819
6,52,834
7,52,4835
6,52,2889
8,52,7059
9,52,579
9,52,3901
9,52,2251
8,52,7817
8,52,659
8,52,66
7,52,6166
9,52,7647
9,52,6547
9,52,8676
8,52,101
8,52,7669
9,52,8769
8,52,2131
10,52,6114
10,52,849
10,52,7311
9,52,5681
8,52,3667
8,52,565
8,52,3588
9,52,7858
8,52,8197
9,52,6802
7,52,6979
8,52,5355
7,52,5909
9,52,6974
9,52,5940
6,52,2605
7,52,4214
7,52,2993
7,52,4130
8,52,1689
10,52,2313
9,52,7627
9,52,7661
8,52,6867
9,52,6574
8,52,5150
9,52,4192
9,52,5521
8,52,1852
8,52,3165
8,52,3604
8,52,6984
9,52,5630
7,52,8074
9,52,1889
9,52,3652
9,52,2899
10,52,256
8,52,431
8,52,240
8,52,2890
10,52,664
8,52,3087
10,52,2167
4,52,1723
10,52,4181
10,52,6351
9,52,1575
10,52,2904
7,52,1841
9,52,2994
9,52,2164
10,52,3702
10,52,6746
8,52,2924
9,52,2759
10,52,227
10,52,5114
10,52,6421
10,52,908
10,52,430
10,52,164
6,52,932
8,52,981
7,52,412
10,52,237
8,52,1631
9,52,4246
8,52,433
7,52,416
9,52,189
9,52,190
9,52,191
9,52,3247
9,52,192
9,52,963
10,52,4472
9,52,3572
9,52,194
8,52,1089
7,52,7590
8,52,3225
8,52,248
8,52,3121
8,52,7593
8,52,641
8,52,488
8,52,4811
8,52,4156
8,52,1888
9,52,358
5,52,7897
6,52,6392
8,52,5680
9,52,7791
7,52,5914
10,52,3958
8,52,1530
9,52,1654
6,52,6205
9,52,2175
9,52,1379
9,52,3466
8,52,8514
7,52,1829
8,52,7769
10,53,578
10,53,10408
6,53,822
7,53,15059
8,53,22507
8,53,18
7,53,187
6,53,11013
6,53,13403
10,53,249
9,53,185
7,53,3285
5,53,14645
3,53,12461
9,53,4551
5,53,7083
7,53,16528
7,53,20689
6,53,23115
7,53,106
8,53,5835
5,53,6726
8,53,3298
8,53,270
8,53,777
7,53,6372
8,53,6637
7,53,10350
8,53,451
8,53,1004
5,53,144
7,53,14289
5,53,3470
8,53,3588
8,53,4722
8,53,25681
6,53,5262
9,53,33095
9,53,28735
7,53,441
6,53,1913
7,53,3809
9,53,13125
7,53,2923
8,53,30709
6,53,4886
6,53,5287
7,53,3731
9,53,228
9,53,1594
7,53,3713
8,53,34966
8,53,2569
7,53,14467
1,53,5680
8,53,37999
8,53,40591
2,53,7054
8,53,3010
5,53,8525
8,53,14713
8,53,449
8,53,13115
5,53,11663
6,53,9723
8,53,27821
9,53,10087
5,53,9314
7,53,18507
5,53,36704
8,53,22297
8,53,22265
8,53,120
9,53,38680
9,53,40417
6,53,122
8,53,121
10,53,5114
6,53,19671
5,53,7559
5,53,6922
7,53,5177
2,53,17513
4,53,20919
7,53,21743
6,53,3312
7,53,8408
9,53,27833
9,53,23199
8,53,27831
3,53,226
7,53,376
6,53,393
6,53,2759
6,53,3784
5,53,12565
7,53,7902
5,53,908
7,53,15417
7,53,10643
7,53,2951
8,53,6945
5,53,32366
8,53,8425
6,53,10504
8,53,245
7,53,23251
5,53,10793
8,53,16
8,53,1142
8,53,6895
6,53,9065
6,53,9969
7,53,7662
8,53,15335
6,53,18411
6,53,430
7,53,9135
8,53,123
5,53,380
5,53,381
4,53,124
7,53,7377
7,53,25183
5,53,31561
7,53,1829
8,53,23289
7,53,27633
10,53,1571
8,53,16918
8,53,19363
9,53,918
6,53,169
8,53,25781
8,53,19285
7,53,20767
7,53,30885
7,53,30503
8,53,20507
8,53,4477
7,53,8190
8,53,7592
7,53,8038
5,53,6187
9,53,1698
6,53,1210
7,53,32
7,53,30
9,53,5690
10,53,853
8,53,8476
7,53,28297
5,53,32729
6,53,7079
6,53,6007
5,53,6884
7,53,5341
7,53,2966
3,53,23673
2,53,196
3,53,443
2,53,195
8,53,30276
5,53,11083
5,53,3615
9,53,597
7,53,13585
9,53,20651
6,53,9712
7,53,5030
7,53,3881
7,53,3388
8,53,512
7,53,3875
9,53,35062
7,53,10893
5,53,1384
6,53,690
9,53,2034
8,53,9756
5,53,2488
7,53,26243
8,53,585
9,53,2246
9,53,11665
10,53,10379
8,53,34591
9,53,4081
7,53,1869
8,53,41168
8,53,2313
9,53,21329
9,53,24701
9,53,21939
9,53,457
8,53,25375
10,53,19
5,53,164
8,53,28223
7,53,28927
6,53,5530
7,53,469
5,53,2574
10,53,6594
7,53,24439
6,53,2335
8,53,7711
8,53,6045
5,53,10536
6,53,3392
8,53,5717
7,53,9656
7,53,145
5,53,1530
8,53,32542
7,53,25777
7,53,18397
7,53,23775
9,53,16498
5,53,28447
7,53,21843
7,53,8373
7,53,23273
6,53,9793
7,53,5507
10,53,199
7,53,6974
7,53,2605
7,53,28851
5,53,9754
5,53,10391
7,53,1010
6,53,10825
7,53,5493
5,53,10823
8,53,1007
10,53,210
8,53,23281
8,53,13601
4,53,4795
4,53,4793
5,53,527
9,53,437
3,53,325
7,53,322
9,53,1943
8,53,418
5,53,31756
6,53,10824
5,53,6713
8,53,4898
3,53,6707
6,53,6163
5,53,6793
6,53,17819
5,53,8560
8,53,12531
2,53,2993
3,53,1699
5,53,23421
7,53,1008
6,53,10822
6,53,10819
7,53,792
7,53,2994
5,53,10418
7,53,32899
9,53,7647
8,53,7193
5,53,10647
6,53,37095
7,53,9919
5,53,21995
7,53,9989
6,53,2810
5,53,20655
4,53,11737
6,53,33352
5,53,8422
8,53,11553
8,53,2816
6,53,2557
5,53,27
9,53,743
7,53,4896
3,53,4752
6,53,7058
5,53,1952
7,53,732
8,53,543
6,53,30370
7,53,26449
9,53,861
9,53,3091
5,53,793
8,53,6864
8,53,4918
8,53,1562
6,53,27789
8,53,23283
9,53,5300
6,53,19945
7,53,2404
3,53,8861
8,53,25879
6,53,1023
6,53,22199
8,53,31173
6,53,30123
5,53,713
6,53,101
8,53,6956
5,53,2041
9,53,202
8,53,51
8,53,513
6,53,19117
8,53,523
6,53,1278
5,53,3076
4,53,1240
9,53,996
8,53,20787
6,53,997
9,53,889
8,53,1519
5,53,7059
6,53,1686
7,53,531
9,53,28249
8,53,530
6,53,22789
6,53,10030
6,53,7674
3,53,12967
5,53,6948
7,53,3901
8,53,2251
7,53,104
6,53,31128
7,53,31821
6,53,30953
5,53,5081
10,53,150
5,53,405
8,53,6351
8,53,4059
3,53,1953
6,53,2904
10,53,4181
3,53,15633
6,53,2236
6,53,21353
5,53,22319
6,53,27899
6,53,31297
2,53,10490
6,53,14397
7,53,31043
7,53,1222
5,53,11241
7,53,14345
6,53,1689
9,53,1535
9,53,2167
6,53,2116
5,53,2120
6,53,2119
5,53,2122
5,53,2121
6,53,1674
6,53,31733
8,53,740
3,53,8211
9,53,2150
1,53,849
7,53,5
6,53,4037
10,53,1482
6,53,32370
7,53,61
6,53,2748
7,53,6573
9,53,7338
8,53,4182
10,53,2025
3,53,8915
7,54,23289
8,54,33475
7,54,14741
7,54,16706
7,54,10805
9,54,28851
8,54,11843
9,54,28121
8,54,32801
7,54,356
8,54,10087
8,54,24439
8,54,32574
8,54,34825
9,54,32281
8,54,1579
8,54,15809
7,54,5060
7,54,8479
8,54,31964
9,54,31043
8,54,34636
6,54,12291
9,54,31646
7,54,5525
6,54,14967
7,54,15117
8,54,10080
8,54,8525
7,54,35639
5,54,24703
7,54,11617
7,54,15195
9,54,30413
8,54,24277
6,54,10719
10,54,12189
8,54,35507
8,54,34300
8,54,19369
6,54,13659
7,54,8769
9,54,30276
7,54,28819
8,54,4477
8,54,5690
8,54,1698
7,54,30296
9,54,11597
8,54,18897
8,54,31404
8,54,36038
9,54,15689
7,54,34580
9,54,17074
9,54,14833
9,54,16782
9,54,32937
10,54,30831
7,54,31952
9,54,32951
9,54,14813
7,54,33094
5,54,21085
8,54,34902
9,54,34822
8,54,14227
6,54,27899
6,54,2369
8,54,8311
8,54,6444
9,54,33502
8,54,23277
8,54,30727
8,54,12531
8,54,32542
9,54,13759
7,54,14289
8,54,5717
6,54,33836
10,54,23273
9,54,28069
7,55,9936
8,55,10397
7,55,10213
9,55,2034
6,55,10465
9,55,5205
7,55,9014
8,55,13367
9,55,16001
9,55,11887
8,55,12175
7,55,8876
9,55,9656
7,55,3229
8,55,6205
7,55,469
8,55,5204
6,55,7148
6,55,11761
8,55,11179
9,55,3342
7,55,14663
7,55,10611
9,55,30296
7,55,4214
7,55,64
8,55,11499
7,55,6203
8,55,6500
8,55,355
8,55,2787
7,55,154
10,55,16498
8,55,169
6,55,12367
9,55,79
7,55,4282
9,55,10620
8,55,5530
8,55,1569
8,55,15315
8,55,11021
7,55,13833
8,55,20
9,55,10075
8,55,4134
7,55,10589
7,55,12467
8,55,11597
9,55,11933
8,55,6324
7,55,9999
10,55,4155
6,55,460
7,55,14199
9,55,4280
8,55,21881
8,55,3782
8,55,6747
8,55,12549
8,55,11703
9,55,1818
7,55,10578
8,55,1614
6,55,2116
7,55,6479
7,55,5116
9,55,12293
8,55,1536
8,55,14345
7,55,357
7,55,10719
8,55,8247
8,55,2889
7,55,11285
8,55,223
7,55,7059
6,55,257
7,55,7088
8,55,10079
7,55,11005
6,55,8768
8,55,9515
8,55,270
9,55,13161
7,55,3299
7,55,13411
10,55,10793
6,55,2494
8,55,4725
9,55,71
9,55,9367
9,55,6922
8,55,356
7,55,12565
9,55,1250
6,55,987
9,55,3783
8,55,1498
7,55,10396
8,55,22319
9,55,4224
7,55,8861
7,55,550
9,55,481
6,55,1894
8,55,1195
9,55,11319
9,55,1840
9,55,3712
9,55,14075
9,55,16005
8,55,9041
8,55,10794
8,55,5781
7,55,3731
6,55,9750
10,55,7054
8,55,8525
9,55,14713
7,55,3503
9,55,2593
7,55,5734
8,55,13535
9,55,12445
9,55,14289
8,55,9513
7,55,5081
8,55,8516
7,55,12581
7,55,12967
7,55,7647
6,55,11266
8,55,9919
8,55,11235
9,55,8676
6,55,4744
7,55,394
7,55,53
9,55,11759
6,55,6682
8,55,3470
8,55,855
10,55,11757
9,55,317
8,55,8407
8,56,759
8,56,1303
9,56,25777
6,56,32606
9,56,30276
9,56,33674
7,56,19815
8,56,467
9,56,30831
5,56,570
7,56,468
8,56,226
9,56,33206
9,56,1818
9,56,47
9,57,853
8,57,195
7,57,30
9,57,3535
8,57,597
8,57,7
9,57,165
8,57,96
7,57,98
7,57,273
9,57,1088
8,57,97
9,57,323
8,57,758
10,57,24
8,57,980
9,57,177
7,57,27
4,57,4382
10,57,849
10,57,237
8,57,873
10,57,392
7,57,3588
10,57,517
10,57,846
9,57,205
8,57,46
7,57,1601
8,57,52
8,57,48
8,57,71
9,57,120
10,57,227
9,57,992
10,57,813
9,57,2025
7,57,61
5,57,121
8,57,5
10,57,1575
9,57,1818
7,57,60
8,57,59
8,57,219
10,57,66
10,57,857
8,57,306
9,57,1
10,57,5114
10,57,8074
10,57,5258
8,57,387
9,57,267
6,57,430
9,57,185
10,57,145
7,57,187
10,57,186
7,58,9919
9,58,6726
9,58,15809
9,58,431
9,58,17895
7,58,14467
8,58,14713
8,58,18661
8,58,25681
8,58,6045
8,58,9656
10,58,32281
8,58,4898
8,58,10620
10,58,20507
8,58,7054
8,58,19363
8,58,30825
7,58,15605
8,58,2167
10,58,4181
8,58,29976
8,58,16592
7,58,6880
10,58,1535
9,58,6746
7,58,356
9,58,9989
7,58,28701
9,58,31173
8,58,30123
10,58,30503
7,58,21995
8,58,20457
8,58,23673
7,58,3457
7,58,523
8,58,14227
9,58,14289
8,58,32899
7,58,16498
8,58,199
9,58,205
8,58,4214
9,58,2993
7,58,3470
8,59,30831
8,59,32937
8,59,38040
10,59,35677
8,59,17265
4,59,23399
6,59,35062
8,59,10620
7,59,16762
9,59,28851
7,59,18897
8,59,23321
6,59,37475
8,59,40839
6,59,38000
7,59,37621
8,59,38993
8,59,35860
6,59,27787
9,59,40591
9,59,37999
8,59,6862
8,59,9617
7,59,18753
8,59,23847
8,59,33161
10,59,32281
8,59,19815
8,59,14813
8,59,35073
8,59,37779
8,59,8675
8,59,199
9,59,23273
8,59,16498
7,59,25777
7,59,35760
8,59,38524
7,59,28171
8,59,35790
7,59,37430
6,59,45753
7,59,4224
7,59,37521
7,59,32282
7,59,36949
7,59,39940
6,59,11757
6,59,21881
6,59,31765
4,59,20021
9,59,21647
7,59,16417
10,59,38329
9,59,38938
10,59,37450
8,59,37675
8,59,29803
8,59,37976
8,59,31665
6,59,31096
8,59,5680
7,59,35678
9,59,31988
9,59,27989
7,59,37349
8,59,39792
8,59,14741
8,59,10800
8,59,31043
7,59,37171
7,59,38753
7,59,33506
7,59,9919
10,61,5178
10,61,18507
10,61,22265
8,61,122
7,61,33222
10,61,9761
10,61,120
10,61,30778
9,61,34106
10,61,22043
10,61,6702
10,61,23333
9,61,25389
9,61,121
10,61,12049
10,61,5114
7,61,34403
8,61,2890
10,61,3298
10,61,15809
8,61,20689
10,61,16528
10,61,6895
9,61,33378
10,61,27945
10,61,23251
8,61,1571
10,61,484
10,61,23289
9,61,18229
10,61,33392
10,61,35222
9,61,901
9,61,31610
10,61,8086
9,61,30782
7,61,22789
10,61,36649
8,61,7817
10,61,24833
10,61,25013
9,61,30123
7,61,230
8,61,34777
9,61,32998
8,61,27727
10,61,21743
10,61,22547
10,61,269
10,61,1482
9,61,15037
7,61,289
10,61,11703
10,61,60
10,61,59
10,61,31109
5,61,15605
10,61,11241
10,61,8247
8,61,4835
9,61,2889
8,61,1686
10,61,4713
10,61,32867
10,61,9865
8,61,30240
8,61,32485
10,61,28423
10,61,5060
8,61,6163
10,61,31812
10,61,9136
10,61,6707
10,61,907
10,61,4898
9,61,146
7,61,5678
8,61,32262
9,61,4214
10,61,34501
10,61,2168
10,61,11771
10,61,36259
10,61,326
10,61,26243
9,61,1810
10,61,21105
8,61,2034
10,61,36902
7,61,19257
8,61,35828
8,61,3656
10,61,30307
10,61,30016
10,61,20507
10,61,30503
9,61,30885
9,61,30276
9,61,31772
9,61,31704
10,61,24211
8,61,8476
10,61,853
8,61,19369
8,61,34839
8,61,24
9,61,6793
10,61,34240
10,61,21563
10,61,14713
10,61,25681
8,61,16009
10,61,16035
10,61,32995
10,61,553
10,61,1562
10,61,36754
9,61,28677
10,61,32899
7,61,4752
8,61,3457
10,61,10321
10,61,18139
10,61,37779
10,61,31765
10,61,7054
10,61,14467
10,61,7337
10,61,8479
10,61,10497
10,61,21075
10,61,28607
10,61,31997
9,61,16904
10,61,31158
7,61,12461
10,61,20457
10,61,11013
7,61,3731
9,61,1594
10,61,35076
10,61,2104
10,61,21881
10,61,3588
10,61,22101
9,61,5958
7,61,27441
10,61,100
7,61,7662
10,61,28171
10,61,11757
10,62,3447
9,62,14349
9,62,19489
8,62,323
10,62,17074
8,62,16782
9,62,18679
9,62,33
10,62,31933
10,62,26055
10,62,14719
9,62,43
10,62,11597
7,62,770
9,62,6
10,62,28025
7,62,5365
8,62,32681
9,62,759
1,62,3287
10,62,4565
10,62,2001
9,62,205
10,62,32542
9,62,15771
6,62,481
6,62,23283
10,62,6675
10,62,10711
10,62,1943
10,62,30276
8,62,10408
9,62,34542
8,62,8074
7,62,47
7,62,9989
10,62,5081
8,62,10218
8,62,12113
9,62,28223
10,62,3702
10,62,227
10,62,268
8,62,21855
10,62,5
9,62,15809
9,63,32182
8,63,20507
10,63,30276
6,63,2966
6,63,28497
8,63,199
9,63,24833
9,63,6547
9,63,22199
4,63,20555
7,63,3588
8,63,10620
7,63,889
10,63,2904
7,63,28825
8,63,2001
6,63,10490
9,63,31964
5,63,10578
5,63,16157
5,63,8277
8,63,14741
8,63,226
10,63,5114
7,63,10793
8,63,20583
8,63,5060
9,63,1575
8,63,22319
9,64,30458
10,64,21939
10,64,24701
10,64,20
10,64,2144
9,64,4437
9,64,6325
10,64,8246
10,64,10589
10,64,13667
8,64,4081
7,64,12467
10,64,19369
10,64,7769
9,64,5341
9,64,10219
9,64,457
8,64,9587
10,64,12859
8,64,6324
9,64,20507
8,64,11597
8,64,14199
10,64,29803
10,64,8460
7,64,6166
7,64,10447
9,64,21995
10,64,11111
10,64,15039
10,64,9989
9,64,6547
9,64,16642
10,64,25013
10,64,5081
8,64,23233
10,64,102
10,64,857
9,64,25397
10,64,6682
10,64,10620
10,64,20541
8,64,14527
8,64,11761
10,64,10110
10,64,10397
10,64,16762
10,64,14833
8,64,19769
9,64,14513
9,64,24455
8,64,17247
10,64,16890
7,64,9618
9,64,31138
10,64,5530
8,64,19151
10,64,10162
10,64,25157
6,64,27
10,64,23701
10,64,4224
8,64,14227
9,64,27899
10,64,22319
10,64,16870
7,64,7662
10,64,79
10,64,22101
9,64,3588
10,64,18277
10,64,23847
9,64,21881
7,64,27891
10,64,12445
10,64,14189
9,64,5734
10,64,11757
9,64,20359
9,64,24627
9,64,6896
10,64,11179
9,64,17875
10,64,10588
9,64,27775
9,64,6201
10,64,6114
9,64,28497
9,64,4214
9,64,21561
9,64,10156
10,64,17777
10,64,13759
9,64,11499
8,64,22663
9,64,21033
7,64,8861
8,64,9331
10,64,392
8,64,18677
7,64,2404
7,64,3354
9,64,28677
9,64,21843
10,64,23273
9,64,5277
9,64,4063
8,64,20847
6,64,7724
7,64,29998
9,64,23321
10,64,27821
10,64,28701
10,64,22297
10,64,6922
10,64,9982
10,64,6702
10,64,28121
6,64,2795
9,64,9330
10,64,1726
8,64,8086
10,64,28223
8,64,9347
10,64,18001
8,64,8516
8,64,10793
9,64,29095
8,64,17729
7,64,8425
9,64,2494
9,64,9367
9,64,21431
7,64,23289
10,64,28907
8,64,28779
8,64,21521
10,64,5114
9,64,121
10,64,18411
9,64,19163
9,64,15583
10,64,21405
9,64,14967
9,64,10719
10,64,18441
10,64,11633
10,64,8247
9,64,11241
9,64,4835
8,64,1519
8,64,889
9,64,68
10,64,20787
10,64,1498
10,64,13535
9,64,10396
10,64,269
8,64,14345
10,64,1536
8,64,10163
9,64,2025
10,64,16592
9,64,1482
8,64,11703
9,64,1818
9,64,4059
9,64,6351
10,64,4181
10,64,2167
8,64,16914
9,64,4186
10,64,60
8,64,12293
9,64,11785
9,64,15699
7,64,13161
8,64,15809
8,64,17745
9,64,14713
10,64,16009
10,64,20423
8,64,10568
8,64,19685
9,64,3503
10,64,2593
8,64,587
8,64,24439
9,64,2927
10,64,22535
8,64,5042
8,64,7054
8,64,7593
9,64,16001
7,64,13367
9,64,8841
9,64,10790
10,64,16782
10,64,15379
8,64,3358
8,64,6707
10,64,18153
7,64,10456
9,64,17265
10,64,12413
10,64,270
9,64,15225
8,64,5630
10,64,11617
10,64,24703
10,64,15451
10,64,30300
10,64,12729
10,64,8074
10,64,10408
9,64,8277
8,64,23775
10,64,29785
8,64,10934
9,64,9750
7,64,25429
10,64,18247
10,64,9041
6,64,25159
9,64,7088
9,64,249
10,64,6811
10,65,38668
8,65,37520
10,65,38691
10,65,918
10,65,35843
10,65,28977
10,65,14719
10,65,20899
10,65,31933
10,65,15417
10,65,37991
9,65,30
10,65,10165
9,65,437
8,65,37522
10,65,39761
10,65,11771
9,65,16916
7,66,6609
8,66,4722
10,66,199
9,66,11123
9,66,9926
8,66,4021
7,66,5774
7,66,10810
7,66,4069
8,66,326
8,66,853
8,66,10161
7,66,20
6,66,3057
7,66,149
7,66,6707
8,66,11771
7,66,4050
8,66,3470
7,66,1532
8,66,8986
8,66,392
7,66,550
5,66,34467
7,66,22537
8,66,19383
7,66,553
9,66,1562
7,66,15933
7,66,19251
7,66,12711
7,66,10321
8,66,7058
7,66,13679
7,66,508
7,66,687
7,66,8449
7,66,12695
7,66,32684
7,66,8634
8,66,5525
8,66,225
8,66,223
6,66,27417
6,66,17513
5,66,16602
8,66,16592
5,66,3202
9,66,1482
7,66,59
8,66,6033
7,66,11285
7,66,3375
7,66,20543
9,66,28805
8,66,10647
10,66,9919
7,66,3359
7,66,15605
8,66,813
8,66,1498
6,66,18507
8,66,6702
7,66,21563
8,66,7054
8,66,4814
8,66,11013
10,66,431
8,66,8074
9,66,270
8,66,3092
7,66,747
6,66,8533
7,66,507
7,66,243
7,66,132
7,66,850
9,66,2238
6,66,6728
8,66,120
10,67,20787
7,67,22547
9,67,269
9,67,21405
8,67,14345
9,67,1689
7,67,21677
10,67,4975
8,67,596
10,67,22789
9,67,2167
9,67,27663
10,67,22199
10,67,9919
10,67,5525
6,67,5762
7,67,25397
9,67,11759
7,67,4744
10,67,21185
8,67,5772
9,67,8577
6,67,16201
10,67,6547
10,67,9989
9,67,24833
9,67,6987
9,67,14075
10,67,2904
8,67,12549
9,67,21561
8,67,28497
9,67,13599
8,67,23309
3,67,19315
8,67,13601
10,67,20159
4,67,13057
10,67,13659
10,67,8769
6,67,10380
6,67,9308
8,67,30276
9,67,20507
10,67,19815
10,67,32
9,67,13667
10,67,10589
10,67,8246
10,67,6325
10,67,4437
10,67,2472
8,67,1735
9,67,2144
9,67,442
10,67,11499
10,67,20
9,67,13055
8,67,21033
9,67,5764
10,67,3712
10,67,11319
10,67,1195
9,67,23283
10,67,4752
10,67,8422
10,67,3457
10,67,4224
9,67,14227
8,67,27899
8,67,22319
7,67,16870
9,67,21881
10,67,11757
7,67,19841
10,67,9253
10,67,22101
5,67,1633
10,67,13125
7,67,25777
10,67,16498
9,67,154
9,67,22273
6,67,11763
7,67,22663
9,67,11703
9,67,23755
9,67,10620
9,67,270
9,67,20583
10,67,10793
10,67,881
8,67,133
9,67,17895
9,67,21431
9,67,19363
8,67,16918
7,67,28907
8,67,384
7,67,25183
9,67,4725
4,67,21521
7,67,9367
7,67,18507
3,67,10851
6,67,10779
8,67,6033
9,67,223
8,67,19163
9,67,15583
8,67,16592
10,67,11617
7,67,24703
8,67,8074
7,67,21603
4,67,11761
5,67,29575
9,67,21863
7,67,9936
8,67,20785
10,67,17265
7,67,2841
10,67,11887
9,67,7593
9,67,18679
8,67,16668
5,67,22123
8,67,11013
8,67,187
8,67,186
7,67,18
8,67,185
9,67,12189
9,67,19951
9,67,13271
10,67,11061
7,67,10408
7,67,20853
7,67,22835
10,67,15451
9,67,395
9,67,7817
10,68,2683
10,68,101
10,68,1222
10,68,831
10,68,2167
10,68,918
10,68,10643
10,68,7472
10,68,6945
10,68,2966
10,68,16498
10,68,2034
10,68,22319
10,68,4884
10,68,2951
10,68,3588
8,70,30346
6,70,26213
6,70,39792
4,70,32901
8,70,36704
7,70,22265
8,70,35222
8,70,39533
7,70,20583
9,70,431
7,70,37999
10,70,37520
6,70,2890
7,70,33028
7,70,9989
8,70,11111
6,70,24833
6,70,34618
5,70,31043
8,70,33486
8,70,36456
6,70,38408
9,70,40591
7,70,31478
9,70,32867
8,70,33071
7,70,14741
6,70,34382
9,70,34103
8,70,32189
4,70,16592
7,70,40221
8,70,22535
8,70,34612
8,70,40542
7,70,38249
9,70,199
8,70,38000
8,70,25777
8,70,35760
7,70,19469
8,70,38524
9,70,32093
7,70,22319
8,70,6211
8,70,523
7,70,28677
8,70,32995
9,70,9253
8,70,33255
3,70,39582
7,70,31240
9,70,28851
7,70,6707
8,70,22145
5,70,21105
10,70,30
8,70,33206
5,70,40515
8,70,32
5,70,527
6,70,31704
8,70,4898
7,70,34134
9,70,30276
8,70,10161
6,70,31772
10,71,164
8,72,31442
10,72,16067
9,72,30307
7,72,32438
10,72,28013
10,72,2034
10,72,28675
10,72,31764
8,72,10620
10,72,35788
10,72,10793
10,72,31859
9,72,33421
10,72,578
7,72,31338
10,72,34542
10,72,36220
9,72,35639
9,72,35076
10,72,427
8,72,24439
10,72,33
10,72,6045
10,72,9656
10,72,32281
9,72,31798
9,72,34934
10,72,11887
9,72,16001
9,72,30831
9,72,28623
10,72,34712
10,72,32949
10,72,31414
10,72,32282
10,72,30911
10,72,2001
9,72,31430
10,72,27899
9,72,14227
10,72,523
10,72,28171
10,72,4224
10,72,34822
10,72,34902
8,72,33478
10,72,32899
10,72,28677
9,72,32995
10,72,1195
10,72,1840
10,72,38524
10,72,25777
10,72,16498
10,72,32729
9,72,36027
9,72,29803
9,72,26243
9,72,28927
10,72,322
9,72,30240
9,72,32360
10,72,6114
9,72,31240
9,72,30015
8,72,31716
10,72,64
10,72,12531
9,72,32542
10,72,199
10,72,31229
10,72,154
10,72,23273
9,72,7724
9,72,21431
7,72,6880
10,72,27655
10,72,31771
10,72,21995
10,72,32379
10,72,31964
10,72,33486
10,72,32494
10,72,28223
10,72,37349
10,72,24765
10,72,2924
8,72,226
9,72,32608
8,72,33222
9,72,71
10,72,1281
9,72,23289
7,73,37078
8,73,31240
8,73,39587
7,73,2924
8,73,30015
8,73,33926
8,73,16524
5,73,36318
6,73,34300
9,73,35466
6,73,32485
8,73,30240
7,73,6201
6,73,38528
6,73,13599
8,73,226
8,73,38671
6,73,1250
9,73,790
7,73,12471
8,73,3784
8,73,7465
6,73,39292
8,73,38084
8,73,356
7,73,11741
5,73,5973
7,73,2993
8,73,22865
6,73,2369
7,73,19369
8,73,11179
7,73,30276
7,73,6324
7,73,6512
6,73,7592
7,73,34134
8,73,11597
7,73,2970
10,73,1210
8,73,31764
5,73,1688
7,73,2926
6,73,11021
7,73,18897
9,73,5682
6,73,196
7,73,2966
7,73,5530
9,73,770
8,73,35247
8,73,26243
7,73,35073
7,73,29803
7,73,14199
6,73,14749
7,73,18857
6,73,13659
10,73,8769
7,73,7079
5,73,7769
5,73,38483
8,73,1965
8,73,30484
7,73,65
8,73,21561
8,73,33255
7,73,34612
7,73,38249
8,73,30187
9,73,205
7,73,2605
7,73,756
10,73,24
10,73,846
7,73,18041
8,73,64
10,73,1535
7,73,457
9,73,6746
7,73,28121
7,73,2795
7,73,4015
10,73,3702
7,73,8086
9,73,5177
7,73,9379
8,73,2164
6,73,35823
7,73,10155
8,73,517
7,73,5940
7,73,6500
8,73,2031
8,73,7662
5,73,79
7,73,6979
8,73,33502
5,73,836
6,73,12367
9,73,9863
6,73,5958
5,73,12783
6,73,8407
6,73,7858
5,73,9790
10,73,9253
7,73,6098
9,73,11577
7,73,38659
7,73,10073
8,73,37450
6,73,8675
6,73,34504
6,73,10119
7,73,4789
6,73,20847
7,73,5277
7,73,355
7,73,2787
9,73,1559
10,73,7724
7,73,4063
7,73,40483
7,73,6594
7,73,12189
9,73,227
7,73,8536
8,73,9314
7,73,9367
8,73,7088
6,73,31931
5,73,11005
6,73,24231
8,73,20853
8,73,3652
7,73,10491
9,73,16700
10,73,934
8,73,185
8,73,17831
7,73,11013
6,73,37999
7,73,16904
9,73,14467
7,73,14765
6,73,10934
7,73,9750
6,73,38790
6,73,35203
6,73,39988
6,73,38472
7,73,5781
7,73,37210
3,73,37744
7,73,10794
6,73,18247
8,73,9041
6,73,9515
6,73,11617
7,73,5630
9,73,28977
8,73,6945
9,73,9969
10,73,918
8,73,1140
8,73,19363
8,73,16918
7,73,1571
8,73,2508
8,73,240
9,73,31637
8,73,28907
8,73,395
8,73,384
5,73,30544
5,73,125
7,73,5114
8,73,121
7,73,37349
6,73,7054
8,73,8425
6,73,8630
8,73,15225
7,73,4192
7,73,9958
7,73,2026
8,73,15809
7,73,32648
7,73,15699
7,73,11785
6,73,13161
8,73,16
7,73,3299
6,73,10793
7,73,29093
7,73,17729
1,73,651
8,73,37105
7,73,2494
7,73,9181
5,73,6980
10,73,10080
7,73,98
7,73,32900
8,73,20785
10,73,9756
6,73,24455
7,73,3572
6,73,10213
6,73,3654
6,73,2034
8,73,9834
5,73,670
5,73,7148
7,73,28675
7,73,18153
7,73,40496
6,73,30307
7,73,17074
7,73,32182
9,73,8424
5,73,7627
8,73,16762
6,73,8460
6,73,330
8,73,4087
5,73,14527
6,73,11761
7,73,7590
6,73,10110
9,73,10721
8,73,13239
8,73,10624
6,73,25283
7,73,3653
6,73,8078
6,73,10076
7,73,6205
7,73,1691
8,73,5205
8,73,4282
8,73,4280
9,73,25
8,73,3783
8,73,3782
8,73,2593
6,73,19685
7,73,3958
7,73,10568
7,73,10372
9,73,15117
9,73,16706
5,73,3464
10,73,8525
4,73,36407
7,73,36098
7,73,33263
8,73,9213
10,73,237
6,73,10209
7,73,10790
8,73,8841
7,73,34620
9,73,38040
8,73,32380
8,73,34626
8,73,32937
7,73,13367
7,73,11887
7,73,12175
8,73,9260
7,73,37475
10,73,7311
7,73,8888
8,73,4382
7,73,33475
6,73,14237
6,73,1536
7,73,14345
7,73,4177
8,73,2131
8,73,357
8,73,14967
8,73,10897
8,73,10719
5,73,35712
8,73,31043
7,73,3407
8,73,1519
7,73,10396
8,73,1689
8,73,39195
7,73,10163
7,73,12685
10,73,1575
6,73,1818
8,73,4181
8,73,2167
6,73,18671
7,73,14741
8,73,4186
10,73,59
7,73,4975
7,73,12293
10,73,2904
8,73,5081
7,73,35015
8,73,10067
7,73,9062
6,73,3359
6,73,886
6,73,5112
6,73,40835
7,73,32323
6,73,34881
7,73,306
6,73,38101
6,73,6682
7,73,37924
7,73,7674
8,73,11433
6,73,7805
7,73,8516
9,73,849
8,73,14669
7,73,6676
7,73,5342
7,73,4999
5,73,10582
6,73,9736
6,73,13863
5,73,36882
5,73,10447
4,73,15133
9,73,11737
8,73,9919
7,73,11701
10,73,11111
9,73,9989
9,73,6768
7,73,6347
8,73,514
5,73,38573
7,73,4896
6,73,10798
6,73,11531
10,73,10162
6,73,41226
8,73,21085
8,73,14813
8,73,28677
6,73,1543
8,73,37055
7,73,35507
8,73,9331
7,73,204
6,73,63
8,73,10418
8,73,6880
6,73,20545
7,73,1195
7,73,11319
7,73,1840
7,73,3712
8,73,36999
6,73,36633
7,73,19163
10,73,343
8,73,28025
7,73,2129
6,73,33581
8,73,15037
10,73,11757
8,73,31765
7,73,20021
5,73,29758
8,73,4884
8,73,30911
8,73,35790
7,73,5734
5,73,174
8,73,4654
